Year,Status,Country,Total,"New York-Northern New Jersey-Long Island, NY-NJ-PA","Los Angeles-Long Beach-Santa Ana, CA","Miami-Fort Lauderdale-Pompano Beach, FL","Washington-Arlington-Alexandria, DC-VA-MD-WV","Chicago-Joliet-Naperville, IL-IN-WI","San Francisco-Oakland-Fremont, CA","Houston-Sugar Land-Baytown, TX","Dallas-Fort Worth-Arlington, TX","Boston-Cambridge-Quincy, MA-NH","Atlanta-Sandy Springs-Marietta, GA","San Diego-Carlsbad-San Marcos, CA","Philadelphia-Camden-Wilmington, PA-NJ-DE-MD","San Jose-Sunnyvale-Santa Clara, CA","Seattle-Tacoma-Bellevue, WA","Riverside-San Bernardino-Ontario, CA","Phoenix-Mesa-Glendale, AZ","Detroit-Warren-Livonia, MI","Orlando-Kissimmee-Sanford, FL","Minneapolis-St. Paul-Bloomington, MN-WI","Denver-Aurora-Broomfield, CO","Tampa-St. Petersburg-Clearwater, FL","Las Vegas-Paradise, NV","Sacramento--Arden-Arcade--Roseville, CA","Baltimore-Towson, MD","Portland-Vancouver-Hillsboro, OR-WA","Austin-Round Rock-San Marcos, TX","El Paso, TX","Honolulu, HI","San Antonio-New Braunfels, TX","Charlotte-Gastonia-Rock Hill, NC-SC","Columbus, OH","Providence-New Bedford-Fall River, RI-MA","Bridgeport-Stamford-Norwalk, CT","Salt Lake City, UT","Nashville-Davidson--Murfreesboro--Franklin, TN","Kansas City, MO-KS","Hartford-West Hartford-East Hartford, CT","Indianapolis-Carmel, IN","Raleigh-Cary, NC","St. Louis, MO-IL","Jacksonville, FL","McAllen-Edinburg-Mission, TX","Worcester, MA","Tucson, AZ","Oxnard-Thousand Oaks-Ventura, CA","Fresno, CA","San Juan-Caguas-Guaynabo, PR","Stockton, CA","Milwaukee-Waukesha-West Allis, WI","Cleveland-Elyria-Mentor, OH",Non-CBSA,Other & Unknown
2011,Legal Permanent Resident,Afghanistan,1648,179,86,D,248,20,187,20,46,8,43,60,21,40,22,32,43,-,-,8,13,-,19,56,4,5,7,-,-,6,4,-,D,3,23,7,D,5,3,10,17,19,-,D,6,7,-,-,40,-,8,D,316
2011,Legal Permanent Resident,Albania,3612,1032,25,28,58,163,7,28,30,287,12,11,236,D,29,7,24,492,8,10,3,110,16,D,20,D,6,D,-,3,5,28,3,24,4,4,D,84,5,D,24,95,-,106,D,6,-,-,-,35,63,5,465
2011,Legal Permanent Resident,Algeria,1364,250,34,22,87,66,188,25,10,89,21,8,148,8,8,6,4,17,6,4,17,6,D,7,9,D,18,-,D,15,D,28,D,D,-,3,25,12,15,7,5,-,-,4,-,-,-,D,3,6,D,4,167
2011,Legal Permanent Resident,American Samoa,D,-,-,-,-,-,-,-,-,-,-,-,-,-,-,-,-,-,-,-,-,-,-,-,-,-,-,-,-,-,-,-,-,-,-,-,-,-,-,-,-,-,-,-,-,-,-,-,-,-,-,D,1
2011,Legal Permanent Resident,Andorra,3,-,D,-,-,-,-,-,D,-,-,-,-,-,-,-,-,-,-,-,-,-,-,-,-,-,-,-,-,-,-,-,-,-,-,-,-,-,-,-,-,-,-,-,-,-,-,-,-,-,-,-,1
2011,Legal Permanent Resident,Angola,148,11,D,11,9,-,D,14,D,32,6,-,3,D,D,-,D,-,-,-,D,D,-,-,3,D,-,-,-,-,3,3,11,D,-,-,-,D,-,D,D,D,-,-,-,-,-,-,-,-,-,-,26
2011,Legal Permanent Resident,Anguilla,25,7,-,D,D,-,-,-,-,-,D,-,-,-,-,-,-,-,3,-,-,D,-,-,-,-,-,-,-,-,D,D,-,-,-,-,D,-,-,-,-,-,-,-,-,-,-,-,-,-,-,5,1
2011,Legal Permanent Resident,Antigua-Barbuda,368,171,D,30,12,D,-,4,D,9,13,-,8,-,D,D,3,-,14,D,-,6,-,-,D,D,-,-,-,-,-,D,D,D,-,D,-,3,-,D,-,D,-,D,-,-,-,D,-,-,-,40,36
2011,Legal Permanent Resident,Argentina,4473,611,292,1445,133,76,55,199,92,51,82,22,49,27,37,50,21,7,79,15,24,37,37,11,22,13,10,5,D,13,21,8,10,35,48,3,7,11,14,17,28,11,6,6,D,11,3,28,4,5,5,29,644
2011,Legal Permanent Resident,Armenia,2983,253,1990,15,38,14,29,9,13,71,7,22,26,23,26,5,3,12,7,D,15,3,62,47,13,7,8,-,-,D,D,5,13,D,13,D,D,D,-,D,3,5,-,4,-,D,40,-,-,3,17,5,143
2011,Legal Permanent Resident,Aruba,39,3,-,9,D,-,-,D,D,3,D,-,-,-,D,-,-,-,9,-,-,D,-,-,-,-,-,-,-,-,-,-,D,-,-,-,-,-,-,-,-,-,-,-,-,-,-,-,-,-,-,-,5
2011,Legal Permanent Resident,Australia,2343,316,284,34,52,61,105,49,46,55,38,48,43,30,64,22,24,15,19,15,37,18,29,23,15,32,25,D,22,9,12,10,7,10,27,18,9,5,11,10,10,3,4,4,D,9,5,-,D,5,6,56,587
2011,Legal Permanent Resident,Austria,424,59,38,24,11,13,17,7,6,16,7,8,8,15,11,-,9,11,D,7,3,6,3,4,D,D,5,-,D,-,3,D,D,D,3,-,-,D,-,D,3,-,-,D,-,D,-,-,-,-,-,10,100
2011,Legal Permanent Resident,Azerbaijan,728,198,104,13,30,29,18,42,6,16,7,10,19,15,33,D,9,6,5,9,11,-,D,4,4,6,D,-,-,-,D,D,D,4,4,D,12,D,-,D,4,D,-,-,D,D,D,D,D,-,D,3,85
2011,Legal Permanent Resident,Bahamas,668,27,4,293,7,10,-,9,12,6,56,D,6,-,-,3,4,4,22,3,D,26,-,-,4,D,-,-,-,D,5,D,D,3,-,D,-,-,3,4,-,10,-,-,D,D,-,-,-,3,-,3,129
2011,Legal Permanent Resident,Bahrain,119,21,8,3,15,8,4,9,4,7,3,-,D,D,D,-,-,3,D,D,D,D,-,-,D,-,D,-,-,-,-,D,-,-,-,D,D,-,-,-,-,-,-,-,-,-,-,-,-,-,-,D,16
2011,Legal Permanent Resident,Bangladesh,16707,9323,583,387,802,151,81,224,328,219,451,18,596,49,60,86,86,831,108,58,36,60,31,25,68,31,50,3,4,35,15,59,16,109,-,25,19,116,25,62,14,10,3,11,-,4,3,-,5,15,19,41,1352
2011,Legal Permanent Resident,Barbados,455,214,5,31,18,-,4,9,-,14,9,D,17,-,D,D,3,-,5,D,D,8,D,D,5,-,3,D,D,-,3,-,D,-,-,-,D,6,D,5,-,D,D,-,-,-,-,-,-,-,-,8,70
2011,Legal Permanent Resident,Belarus,1964,463,56,76,59,115,66,11,12,91,43,22,80,46,82,7,10,10,20,41,39,4,8,30,22,25,5,-,5,-,8,6,3,31,8,6,-,8,3,7,8,8,-,6,D,3,D,-,-,12,14,20,362
2011,Legal Permanent Resident,Belgium,567,123,32,27,30,8,20,18,7,18,20,7,6,23,8,-,5,6,11,6,5,D,D,3,5,5,D,-,D,D,4,D,4,3,D,D,3,-,D,7,D,4,-,D,-,D,-,-,-,D,3,11,116
2011,Legal Permanent Resident,Belize,905,170,246,44,4,118,11,56,16,D,14,5,7,3,4,19,5,D,5,5,-,D,9,-,6,8,7,-,-,3,-,D,D,D,D,D,-,-,4,D,-,3,-,-,D,D,-,-,-,-,-,6,112
2011,Legal Permanent Resident,Benin,462,45,3,6,83,40,D,7,8,7,29,D,30,-,D,-,4,5,-,5,4,D,-,D,10,D,5,-,-,-,6,D,-,D,D,D,-,D,14,6,D,-,-,-,-,-,-,-,-,D,D,3,123
2011,Legal Permanent Resident,Bermuda,71,9,D,6,D,D,D,D,3,D,6,-,D,-,-,-,-,-,D,D,-,D,D,D,-,-,D,-,-,-,-,-,D,-,-,-,-,-,-,D,-,D,-,-,-,-,-,-,-,-,-,D,21
2011,Legal Permanent Resident,Bhutan,10137,77,D,-,116,267,157,364,513,77,621,25,115,7,358,-,282,-,-,96,397,D,48,22,154,98,98,-,-,197,133,122,44,-,266,240,71,10,-,50,131,107,-,97,243,-,-,-,-,-,128,4,4397
2011,Legal Permanent Resident,Bolivia,2173,189,147,206,772,41,24,67,15,40,21,17,8,14,8,12,10,D,18,5,11,8,10,4,13,10,8,-,-,7,4,3,80,6,27,D,D,3,-,6,5,7,-,-,D,-,D,5,3,-,3,14,315
2011,Legal Permanent Resident,Bosnia-Herzegovina,878,50,16,8,11,71,19,15,24,17,30,4,8,13,13,D,24,20,8,11,10,27,12,4,11,12,D,-,D,3,9,-,D,4,29,3,3,12,3,D,61,16,-,-,-,-,-,D,-,8,6,6,269
2011,Legal Permanent Resident,Botswana,76,9,D,-,9,D,D,-,4,-,8,-,D,-,-,-,-,D,5,D,D,3,D,D,D,D,D,-,-,-,D,D,-,-,-,-,-,-,D,-,-,-,-,-,-,-,-,-,-,-,-,D,16
2011,Legal Permanent Resident,Brazil,11763,1638,448,1834,292,159,311,204,225,1342,472,189,146,76,89,50,77,57,386,53,68,160,69,36,62,28,63,6,34,26,59,20,140,266,124,13,19,38,32,18,33,45,3,196,9,23,4,14,6,20,24,118,1939
2011,Legal Permanent Resident,British Virgin Islands,37,11,-,5,-,-,-,D,-,D,-,-,-,-,-,-,-,-,D,-,-,-,-,-,-,-,-,-,-,-,-,-,-,-,-,-,-,7,-,-,-,-,-,-,-,D,D,-,-,-,-,7,1
2011,Legal Permanent Resident,Brunei,25,3,8,-,D,-,-,-,D,-,D,-,-,D,-,D,D,-,-,-,-,-,-,-,-,-,-,-,-,-,-,-,-,-,-,-,-,-,-,-,-,-,-,-,-,-,-,-,-,-,-,-,6
2011,Legal Permanent Resident,Bulgaria,2661,244,108,79,91,495,80,20,37,92,89,41,32,23,64,11,44,26,23,18,43,49,90,14,27,8,6,-,4,6,6,10,12,26,13,5,5,5,10,10,21,11,-,D,D,D,-,D,-,7,4,41,605
2011,Legal Permanent Resident,Burkina Faso,433,173,-,D,42,8,D,13,5,D,18,D,24,-,7,5,7,D,D,D,7,D,-,-,8,D,D,-,-,D,D,5,D,-,-,-,-,-,D,-,-,-,-,-,3,-,-,D,-,-,3,D,86
2011,Legal Permanent Resident,Burma,16518,433,375,69,280,273,532,340,1029,79,674,134,186,68,263,32,510,7,24,463,382,48,19,21,300,110,144,4,15,176,167,71,9,3,193,249,301,78,854,48,63,201,-,60,30,6,3,-,7,249,37,67,6832
2011,Legal Permanent Resident,Burundi,593,15,-,-,13,6,3,24,43,-,12,10,5,-,8,-,19,D,-,D,6,-,-,-,5,5,5,-,-,20,3,3,10,-,5,3,4,D,D,D,3,7,-,D,13,-,-,D,-,D,-,3,330
2011,Legal Permanent Resident,Cambodia,2745,35,443,7,93,41,51,86,61,309,47,52,134,59,231,60,27,5,5,113,17,8,13,22,5,37,10,-,5,-,9,17,56,11,15,6,D,11,4,D,D,14,-,15,D,6,17,-,37,3,8,33,500
2011,Legal Permanent Resident,Cameroon,4754,192,104,22,1595,121,33,212,212,121,243,12,90,29,22,20,52,45,11,175,28,17,21,4,243,10,34,D,-,9,26,66,7,5,10,7,34,4,6,8,D,10,3,37,18,-,-,-,4,24,9,14,780
2011,Legal Permanent Resident,Canada,12800,1072,744,459,267,313,394,375,310,434,250,233,200,239,410,123,312,366,121,160,155,168,126,92,77,147,101,7,42,55,106,80,32,66,48,69,61,63,37,82,46,35,8,36,52,65,14,4,22,41,65,330,3686
2011,Legal Permanent Resident,Cape Verde,1808,11,D,5,D,-,-,D,-,1281,3,D,-,-,D,-,-,-,4,-,D,D,-,D,D,-,D,-,-,-,D,-,426,14,D,-,D,D,-,-,-,D,-,D,-,-,-,-,-,-,-,D,46
2011,Legal Permanent Resident,Cayman Islands,41,7,D,17,-,-,-,D,-,-,-,D,D,-,-,D,-,-,D,-,D,D,-,-,-,-,-,-,-,-,-,-,-,-,-,D,-,-,-,-,-,-,-,-,-,-,-,-,-,-,-,D,5
2011,Legal Permanent Resident,Central African Republic,134,15,D,-,21,D,D,4,4,D,6,-,D,-,-,-,D,D,-,-,10,-,D,-,4,D,-,-,-,-,-,-,-,-,10,-,-,-,-,-,-,4,-,7,6,-,-,-,D,-,-,-,30
2011,Legal Permanent Resident,Chad,171,52,D,-,21,-,-,7,7,-,4,D,D,-,D,-,5,-,-,-,-,-,-,-,D,D,D,-,-,-,D,D,-,D,-,-,-,-,6,-,D,D,-,D,D,-,-,-,-,-,-,-,50
2011,Legal Permanent Resident,Chile,1853,266,100,353,77,35,37,62,40,27,45,13,29,12,25,17,18,3,26,19,26,17,10,8,18,17,12,D,D,8,18,3,3,15,28,6,D,9,8,6,6,3,-,5,5,6,-,14,16,6,3,28,342
2011,Legal Permanent Resident,"China, People's Republic",87016,28390,10113,682,1924,2479,7479,1539,1047,2699,1032,762,1886,2557,1625,709,540,493,323,465,425,280,610,660,587,573,284,33,814,132,221,281,196,187,199,154,204,176,258,254,356,121,24,143,108,149,86,63,103,173,282,740,11396
2011,Legal Permanent Resident,Colombia,22635,5089,623,5833,513,340,158,804,349,597,715,102,210,74,97,149,89,26,950,83,82,574,94,38,78,39,56,19,9,75,199,18,208,269,63,38,39,100,25,74,26,107,20,43,20,24,12,130,7,37,26,145,3140
2011,Legal Permanent Resident,Comoros,8,-,-,-,D,-,-,-,-,-,-,-,-,-,-,-,-,-,-,-,-,-,-,-,-,-,-,-,-,-,D,-,-,-,-,-,3,-,-,-,-,-,-,-,-,-,-,-,-,-,D,-,2
2011,Legal Permanent Resident,"Congo, Democratic Republic",2424,51,31,7,92,39,12,61,231,63,146,20,14,4,39,4,84,16,9,36,85,-,25,12,29,36,11,-,D,34,91,13,D,14,32,9,7,D,15,51,38,6,-,13,33,-,-,-,D,7,3,19,876
2011,Legal Permanent Resident,"Congo, Republic",1371,46,23,6,70,29,6,54,101,32,86,4,23,6,30,5,22,11,D,17,31,D,9,3,16,15,21,-,-,6,62,10,6,6,8,8,8,D,12,40,23,7,-,4,10,D,3,-,-,5,D,23,456
2011,Legal Permanent Resident,Cook Islands,3,-,-,-,-,-,-,-,-,-,-,-,-,-,D,-,-,-,-,-,-,-,-,-,-,-,-,-,D,-,-,-,-,-,-,-,-,-,-,-,-,-,-,-,-,-,-,-,-,-,-,-,-
2011,Legal Permanent Resident,Costa Rica,2135,501,67,270,46,16,19,58,37,45,63,14,48,11,18,28,23,6,55,11,5,35,7,8,7,5,11,4,D,8,41,D,5,22,D,10,7,-,4,4,10,13,D,5,D,10,D,8,-,4,7,13,538
2011,Legal Permanent Resident,Cote d'Ivoire,1302,386,7,12,145,24,9,26,35,22,82,7,92,4,20,5,16,11,D,16,14,9,4,D,24,D,8,-,-,-,25,18,13,8,4,-,4,5,11,D,10,4,-,4,8,-,-,-,D,D,8,3,190
2011,Legal Permanent Resident,Croatia,349,71,25,12,16,20,5,6,8,12,5,7,4,7,4,3,3,3,D,D,D,8,4,D,D,D,3,-,D,D,D,3,D,D,4,D,D,-,D,-,3,4,-,-,-,-,-,-,-,3,4,4,77
2011,Legal Permanent Resident,Cuba,36452,940,191,25116,64,104,41,508,215,40,179,43,56,5,17,47,221,6,597,17,27,2152,672,3,17,78,225,14,-,47,73,7,D,10,11,62,127,16,12,27,34,222,13,4,45,4,D,125,-,10,6,91,3909
2011,Legal Permanent Resident,Cyprus,101,26,13,3,3,D,5,D,D,3,-,D,D,D,3,D,D,D,D,-,-,D,D,-,D,-,3,-,D,-,-,-,-,-,-,-,-,-,D,-,D,-,-,-,-,D,-,-,-,-,-,D,19
2011,Legal Permanent Resident,Czech Republic,303,36,19,10,16,20,17,4,3,7,9,9,5,6,10,3,D,7,3,D,D,4,3,D,3,4,D,D,D,3,3,-,D,-,D,-,-,-,D,D,-,D,-,-,D,-,-,-,D,-,D,7,74
2011,Legal Permanent Resident,"Czechoslovakia, former",466,49,31,22,18,48,14,6,3,7,13,3,7,3,4,-,D,D,9,D,6,5,3,4,4,4,3,-,D,-,D,D,D,D,D,D,D,D,-,8,D,5,-,D,D,D,D,-,D,D,D,8,151
2011,Legal Permanent Resident,Denmark,459,58,46,17,16,8,18,10,12,7,15,14,5,5,15,D,D,5,13,6,8,4,5,5,4,6,7,-,-,D,5,-,D,9,D,D,D,3,3,6,D,D,D,-,D,-,-,D,-,D,3,8,96
2011,Legal Permanent Resident,Djibouti,56,-,-,-,8,D,D,-,3,D,D,-,-,-,10,-,-,D,-,16,D,D,D,-,D,-,-,-,-,-,-,-,-,-,-,D,-,-,-,-,-,-,-,-,-,-,-,-,-,-,-,-,8
2011,Legal Permanent Resident,Dominica,287,100,D,20,5,D,D,13,D,8,11,D,7,D,D,D,-,-,D,-,-,6,-,-,D,-,-,-,-,-,-,-,-,4,-,-,D,6,-,-,D,-,D,D,-,-,-,4,-,-,-,63,21
2011,Legal Permanent Resident,Dominican Republic,46109,28569,62,1979,500,133,22,138,73,3478,199,19,934,8,17,14,52,37,612,23,16,285,54,5,96,8,17,7,D,18,138,59,1069,272,21,12,41,162,72,72,8,37,9,246,8,D,D,2059,D,34,47,431,3932
2011,Legal Permanent Resident,Ecuador,11103,6104,317,998,204,393,36,136,80,88,113,22,115,12,23,68,35,9,152,136,22,105,29,12,25,D,10,6,D,6,211,7,35,211,39,17,18,42,13,13,13,20,6,44,6,4,5,21,6,7,6,34,1063
2011,Legal Permanent Resident,Egypt,7778,2369,723,95,326,123,76,120,161,173,51,59,242,38,91,182,41,102,69,80,22,97,13,31,55,40,11,D,D,15,43,44,55,15,9,592,18,21,38,42,13,22,D,82,D,18,17,D,5,14,96,30,1191
2011,Legal Permanent Resident,El Salvador,18667,2366,4288,372,2878,164,866,1564,676,463,229,77,56,125,65,407,95,22,39,72,87,62,264,65,167,32,35,D,D,51,116,15,62,25,48,42,49,14,34,37,4,20,5,49,8,51,124,7,22,8,8,129,2197
2011,Legal Permanent Resident,Equatorial Guinea,13,D,D,-,D,-,-,D,D,-,D,D,-,-,-,-,-,-,-,-,-,-,-,-,-,-,-,-,-,-,-,-,-,-,-,-,D,-,-,-,-,-,-,-,-,-,-,-,-,-,-,-,2
2011,Legal Permanent Resident,Eritrea,2102,40,62,7,256,43,136,63,97,32,82,44,21,46,247,9,25,D,4,51,80,6,63,D,49,10,D,D,D,D,25,57,12,D,17,22,12,3,33,15,22,6,-,D,19,D,-,-,D,12,D,4,357
2011,Legal Permanent Resident,Estonia,191,43,8,13,6,13,7,-,D,3,D,D,D,3,5,D,D,D,4,D,-,D,D,D,4,D,3,-,D,D,D,-,-,5,-,D,-,D,D,D,-,-,-,-,-,-,-,-,-,-,D,5,43
2011,Legal Permanent Resident,Ethiopia,13793,232,361,43,2965,253,333,280,559,312,746,179,162,243,974,38,144,29,33,864,596,39,480,92,212,188,67,D,7,20,86,217,18,7,35,172,148,16,83,75,75,43,D,9,25,4,9,D,D,26,11,110,2168
2011,Legal Permanent Resident,Falkland Islands,D,D,-,-,-,-,-,-,-,-,-,-,-,-,-,-,-,-,-,-,-,-,-,-,-,-,-,-,-,-,-,-,-,-,-,-,-,-,-,-,-,-,-,-,-,-,-,-,-,-,-,-,-
2011,Legal Permanent Resident,Fiji,1041,18,36,D,D,4,211,D,D,D,4,5,3,44,77,12,5,-,D,5,5,-,6,310,-,24,D,-,8,D,-,D,D,-,3,D,-,D,D,-,D,-,-,D,8,-,D,-,54,-,-,3,176
2011,Legal Permanent Resident,Finland,363,31,16,27,16,9,15,5,32,7,D,34,D,20,13,D,13,5,-,3,D,4,4,D,5,3,D,-,D,4,D,D,D,D,3,-,-,D,D,3,-,-,D,4,5,D,-,-,-,-,-,5,57
2011,Legal Permanent Resident,France,3653,747,302,257,152,117,217,103,69,112,66,70,62,127,72,17,34,26,46,35,15,24,25,13,25,20,37,3,9,7,25,7,16,37,9,6,13,9,14,13,8,7,D,6,7,4,6,9,D,9,7,44,585
2011,Legal Permanent Resident,French Polynesia,21,3,3,-,-,-,D,-,D,-,-,-,-,-,-,D,-,-,D,-,-,-,-,-,-,-,-,-,8,-,-,-,-,-,-,-,-,-,-,-,-,-,-,-,-,-,-,-,-,-,-,-,3
2011,Legal Permanent Resident,Gabon,204,18,D,D,11,9,D,16,5,5,23,-,5,D,4,-,4,4,-,D,3,-,D,D,5,-,7,-,-,-,D,4,D,-,D,-,-,-,D,5,3,-,-,-,5,-,-,-,-,-,-,D,52
2011,Legal Permanent Resident,Gambia,972,253,10,5,61,4,6,5,26,8,123,3,5,D,113,-,4,13,D,30,3,D,-,-,11,5,D,D,-,6,8,23,20,5,4,4,9,-,D,28,D,D,-,-,-,-,-,-,-,-,-,4,164
2011,Legal Permanent Resident,Georgia,1490,785,95,20,46,26,19,10,8,14,20,D,83,27,7,4,D,4,8,D,12,4,4,16,13,10,D,-,-,D,5,6,7,30,5,-,D,8,3,-,D,3,-,3,-,-,D,D,-,D,5,13,152
2011,Legal Permanent Resident,Germany,6125,735,338,208,240,164,234,100,84,137,147,81,121,106,115,44,78,112,59,36,46,76,41,46,33,55,48,43,25,37,49,37,15,27,9,11,27,27,16,26,36,21,D,13,20,14,D,9,3,23,17,134,1997
2011,Legal Permanent Resident,Ghana,8798,2559,74,39,1132,291,43,110,187,186,477,14,286,4,63,36,37,46,45,148,160,26,13,16,176,25,28,8,D,7,66,364,45,30,11,40,19,137,13,36,15,14,3,305,3,D,6,-,9,17,15,28,1381
2011,Legal Permanent Resident,Gibraltar,D,-,D,-,-,-,-,D,-,-,-,-,D,-,-,D,-,-,-,-,-,-,-,-,-,-,-,-,-,-,-,-,-,-,-,-,-,D,-,-,-,-,-,-,-,-,-,-,-,-,-,-,-
2011,Legal Permanent Resident,Greece,949,252,40,30,31,53,15,16,9,65,9,13,44,9,7,11,9,17,3,4,4,21,11,D,17,D,3,D,D,D,3,5,5,6,-,-,D,8,3,3,3,10,D,7,D,-,-,-,-,4,11,7,169
2011,Legal Permanent Resident,Grenada,579,413,D,11,25,D,-,6,8,11,11,-,10,D,-,D,D,D,3,-,D,D,D,D,3,-,D,-,-,-,D,D,D,3,-,D,-,-,-,-,-,-,D,-,-,-,-,-,-,-,D,5,49
2011,Legal Permanent Resident,Guam,D,-,-,-,-,-,-,-,-,-,-,D,-,-,-,-,-,-,-,-,-,-,-,-,-,-,-,-,-,-,-,-,-,-,-,-,-,-,-,-,-,-,-,-,-,-,-,-,-,-,-,-,-
2011,Legal Permanent Resident,Guatemala,11092,887,2606,533,512,338,628,303,190,306,169,201,67,56,69,310,136,8,44,43,56,56,129,34,45,124,42,D,D,40,24,8,296,113,49,46,42,14,19,5,10,9,4,27,9,59,10,6,13,9,5,213,2166
2011,Legal Permanent Resident,Guinea,1555,729,6,D,130,15,5,13,13,58,89,4,96,-,18,D,10,15,-,45,7,-,D,D,12,D,-,-,-,D,4,42,10,D,D,-,3,3,29,D,D,4,-,D,-,-,D,-,-,6,6,3,162
2011,Legal Permanent Resident,Guinea-Bissau,29,5,-,-,4,-,-,-,-,4,D,-,-,-,D,-,-,-,3,-,-,-,-,-,-,-,-,-,-,-,-,-,4,4,-,-,-,-,-,-,-,-,-,-,-,-,-,-,-,-,-,-,2
2011,Legal Permanent Resident,Guyana,6599,4941,17,196,159,17,7,29,12,43,121,6,79,8,5,5,3,6,154,87,-,36,D,3,29,D,D,-,-,3,11,3,4,7,-,D,6,53,4,12,D,15,-,D,-,-,-,D,-,-,8,18,482
2011,Legal Permanent Resident,Haiti,22111,5474,28,8113,179,101,15,31,18,1823,295,12,426,7,22,10,27,8,1287,23,17,237,13,D,42,16,8,D,D,13,20,24,101,309,D,25,32,32,26,14,13,134,-,39,3,-,D,3,-,4,-,153,2926
2011,Legal Permanent Resident,Honduras,6133,869,432,990,403,121,97,428,145,114,124,27,46,41,29,61,42,15,75,23,23,92,39,20,58,18,61,6,6,49,54,4,19,28,15,15,38,12,31,47,5,17,8,11,5,10,5,7,10,8,7,61,1262
2011,Legal Permanent Resident,Hong Kong,2306,414,435,24,31,50,417,51,39,90,23,23,24,122,82,36,10,8,10,4,12,3,14,18,15,18,11,3,38,4,6,D,4,12,5,4,-,D,3,8,7,4,-,D,4,-,D,-,3,3,5,13,191
2011,Legal Permanent Resident,Hungary,1044,203,65,100,33,19,41,13,20,20,14,17,17,19,7,6,14,8,11,10,5,33,24,11,7,3,-,D,4,5,9,5,D,5,5,5,8,3,D,8,D,11,-,4,D,D,-,D,-,D,12,9,218
2011,Legal Permanent Resident,Iceland,90,9,5,D,3,D,4,D,-,7,3,-,-,3,D,D,D,-,5,-,D,D,-,D,D,D,-,-,D,-,D,-,D,-,-,-,-,D,-,-,-,-,-,-,-,-,-,-,-,-,-,-,32
2011,Legal Permanent Resident,India,69013,11256,2607,520,3186,4173,3619,2108,2582,1731,1823,698,2351,3951,1911,502,903,1156,234,701,334,433,127,1077,766,427,673,22,13,180,472,582,143,372,109,205,281,442,305,512,366,196,22,331,67,281,502,5,399,372,269,422,12294
2011,Legal Permanent Resident,Indonesia,2856,266,488,16,95,59,156,80,57,68,61,44,114,55,132,234,35,11,12,26,55,15,35,31,9,29,22,D,18,-,5,18,D,6,5,3,7,3,D,7,13,6,D,7,3,13,19,-,8,3,5,56,440
2011,Legal Permanent Resident,Iran,14822,455,5685,156,955,265,544,473,446,168,307,454,102,602,295,130,244,69,87,58,90,52,94,243,146,78,65,7,4,115,28,36,31,8,95,115,51,26,14,38,33,40,4,20,44,102,52,4,18,25,25,31,1593
2011,Legal Permanent Resident,Iraq,21133,208,601,45,459,1188,105,495,682,226,294,3808,223,124,379,107,1089,3099,34,92,193,86,99,227,109,207,172,27,7,230,53,180,20,11,260,268,157,44,49,80,175,189,-,219,199,4,28,-,3,115,56,22,4386
2011,Legal Permanent Resident,Ireland,1371,327,44,24,35,61,97,23,25,142,10,11,41,31,33,10,23,4,10,16,7,6,D,6,10,11,13,D,3,3,8,D,10,22,4,3,5,6,3,6,6,4,-,3,3,6,-,-,-,5,5,14,228
2011,Legal Permanent Resident,Israel,3826,967,454,296,96,119,119,55,73,120,92,63,81,170,74,29,23,36,22,16,21,23,63,10,30,14,15,D,5,5,24,18,3,7,8,16,10,7,7,8,28,9,-,3,4,11,D,3,D,17,26,22,499
2011,Legal Permanent Resident,Italy,2443,514,169,229,88,72,92,45,45,95,34,70,54,35,29,14,15,26,26,9,16,26,19,10,20,10,12,3,11,13,5,10,9,20,9,D,6,9,9,7,13,11,-,4,7,7,D,7,D,6,7,20,472
2011,Legal Permanent Resident,Jamaica,19662,7121,110,4069,504,153,31,125,69,324,797,32,600,5,32,44,49,58,436,44,16,280,28,10,210,12,4,6,6,18,34,20,38,346,D,16,29,543,18,32,13,92,D,20,11,7,4,-,D,31,49,172,2991
2011,Legal Permanent Resident,Japan,6161,741,954,66,138,145,290,76,94,159,76,249,59,207,228,54,42,75,40,28,39,30,56,54,34,80,29,11,442,17,14,30,10,15,18,13,14,7,26,7,21,23,D,16,6,25,11,D,11,8,22,134,1214
2011,Legal Permanent Resident,Jordan,3876,495,171,75,124,404,85,114,168,50,33,93,45,26,29,72,54,131,37,22,31,59,12,40,24,32,21,7,D,30,17,87,D,5,10,23,39,3,22,32,39,18,D,13,6,D,20,15,9,47,48,21,912
2011,Legal Permanent Resident,Kazakhstan,1235,220,48,33,58,38,30,46,11,25,20,15,28,19,52,9,14,-,11,18,16,3,11,51,8,25,6,-,D,3,4,11,4,D,4,D,4,6,-,D,3,8,-,D,-,5,D,-,-,3,5,15,335
2011,Legal Permanent Resident,Kenya,7762,372,173,29,230,61,80,167,558,340,430,65,199,27,420,65,126,22,22,579,58,16,44,44,161,48,29,7,8,20,24,191,22,6,88,45,184,26,55,125,112,17,5,140,23,D,D,-,11,25,14,35,2211
2011,Legal Permanent Resident,Kiribati,D,-,-,-,-,-,-,-,-,-,-,-,-,-,-,-,-,-,-,-,-,-,-,-,-,-,-,-,-,-,-,-,-,-,-,-,-,-,-,-,-,-,-,-,-,-,-,-,-,-,-,-,2
2011,Legal Permanent Resident,"Korea, North",36,7,9,-,5,-,D,-,-,-,D,-,-,D,D,-,D,-,D,-,D,-,-,-,-,-,-,-,-,-,-,-,-,-,-,-,-,D,-,-,-,-,-,-,-,-,-,-,-,-,-,D,5
2011,Legal Permanent Resident,"Korea, South",22824,3195,5432,81,1232,757,526,306,551,324,1018,384,422,548,739,320,146,152,71,105,127,41,153,112,338,126,126,26,210,53,50,76,41,48,59,94,63,78,51,88,105,54,47,15,40,59,19,-,14,35,40,526,3601
2011,Legal Permanent Resident,Kosovo,670,289,5,6,17,38,D,10,23,9,17,5,8,D,5,-,5,15,3,3,7,6,6,-,D,D,D,-,-,-,3,D,-,15,-,D,-,5,-,3,10,D,-,3,-,-,-,-,-,10,D,15,118
2011,Legal Permanent Resident,Kuwait,973,90,71,20,25,64,22,34,43,21,21,10,16,13,18,14,20,25,6,5,9,12,5,7,9,9,4,D,-,9,9,15,D,D,6,12,4,4,5,8,3,3,D,4,19,D,D,3,-,6,15,7,239
2011,Legal Permanent Resident,Kyrgyzstan,542,121,15,13,29,20,17,D,4,13,6,7,21,9,13,-,3,D,5,27,D,4,D,19,5,20,-,D,D,4,4,-,-,-,D,-,D,D,D,D,4,-,-,-,D,-,-,-,D,-,6,16,119
2011,Legal Permanent Resident,Laos,956,4,19,8,17,9,23,9,34,8,14,25,10,5,23,7,4,5,D,173,3,11,5,31,5,15,3,-,13,3,4,4,16,-,8,12,8,4,D,3,D,D,-,9,-,D,48,-,8,29,-,19,292
2011,Legal Permanent Resident,Latvia,426,69,16,21,8,18,7,5,D,17,25,11,13,4,10,-,5,D,3,5,4,D,D,4,9,D,D,D,-,D,5,D,D,3,D,D,-,D,4,3,6,5,-,D,D,D,-,-,-,D,3,6,113
2011,Legal Permanent Resident,Lebanon,3295,256,300,67,96,80,44,159,79,144,55,73,59,24,27,58,57,649,31,28,17,34,28,22,12,8,22,4,-,4,14,12,38,13,12,6,6,3,7,11,5,23,D,35,7,5,11,6,D,8,18,19,597
2011,Legal Permanent Resident,Lesotho,25,3,D,-,D,D,D,-,-,D,D,-,-,-,-,-,-,-,-,D,D,-,-,-,-,-,-,-,-,-,-,-,-,-,-,-,-,-,-,-,D,-,-,-,-,-,-,-,-,-,-,D,9
2011,Legal Permanent Resident,Liberia,4151,306,19,6,244,64,29,71,87,81,197,10,793,D,13,D,58,37,6,564,16,5,10,25,126,24,14,-,D,4,85,40,149,10,22,8,23,25,38,13,20,25,-,67,13,-,D,-,5,7,7,15,765
2011,Legal Permanent Resident,Libya,357,28,15,5,14,9,4,18,5,8,10,5,13,D,9,-,4,8,4,6,20,7,D,D,4,13,-,-,-,D,D,21,-,D,-,D,3,D,D,-,3,3,-,-,D,-,-,-,-,D,3,3,98
2011,Legal Permanent Resident,Liechtenstein,D,-,-,-,-,-,-,-,-,-,-,D,-,-,-,D,-,-,-,-,-,-,-,-,-,-,-,-,-,-,-,-,-,-,-,-,-,-,-,-,D,-,-,-,-,-,-,-,-,-,-,-,-
2011,Legal Permanent Resident,Lithuania,936,113,32,28,32,308,10,4,6,38,15,4,36,6,8,D,D,5,7,12,6,16,5,-,7,D,D,-,-,D,9,D,4,11,3,D,3,14,D,3,D,D,-,D,-,-,-,D,-,7,12,11,145
2011,Legal Permanent Resident,Luxembourg,24,D,D,D,-,-,D,D,-,D,-,-,D,D,D,-,D,-,D,-,-,-,-,-,-,-,-,-,-,-,-,-,D,-,-,-,-,-,-,-,-,-,-,-,-,-,-,-,-,D,-,D,4
2011,Legal Permanent Resident,Macau,130,15,25,D,D,D,39,8,-,D,-,-,-,6,D,-,-,D,-,-,-,-,D,3,D,3,-,-,5,-,-,-,-,-,D,-,-,-,D,-,-,-,-,D,D,-,-,-,D,-,-,-,9
2011,Legal Permanent Resident,Macedonia,1078,378,9,32,17,143,4,8,17,9,4,6,7,D,10,D,17,54,6,3,3,6,10,D,-,-,5,D,-,-,D,14,-,6,-,-,D,D,-,-,D,D,-,-,D,-,-,-,-,8,6,27,254
2011,Legal Permanent Resident,Madagascar,83,4,D,D,25,D,-,-,D,-,D,-,-,-,D,3,-,-,D,6,D,D,D,-,D,-,-,-,-,-,-,-,D,-,-,D,-,-,-,-,3,-,-,-,D,-,-,-,-,-,D,D,23
2011,Legal Permanent Resident,Malawi,123,3,D,D,16,D,3,3,6,D,6,D,D,-,D,D,D,D,-,-,D,-,-,-,3,-,-,-,-,-,3,D,D,-,-,D,D,D,3,D,D,-,-,-,-,-,-,-,-,-,-,D,49
2011,Legal Permanent Resident,Malaysia,2273,332,139,17,63,62,105,63,139,36,97,19,26,56,57,24,36,14,13,17,25,11,11,13,34,12,27,4,8,3,15,15,14,9,8,14,22,5,79,6,15,14,D,D,4,6,D,-,D,12,3,18,545
2011,Legal Permanent Resident,Maldives,D,-,-,-,-,D,D,-,D,-,-,-,-,-,-,-,-,-,-,-,-,-,-,-,-,-,-,-,-,-,-,-,-,-,-,-,-,-,-,-,-,-,-,-,-,-,-,-,-,-,-,-,-
2011,Legal Permanent Resident,Mali,629,240,5,D,56,16,D,19,D,8,22,-,63,4,16,-,6,D,-,3,16,-,D,D,22,-,D,-,-,-,9,D,9,D,-,-,-,D,7,-,-,-,-,-,-,-,-,-,-,3,-,D,89
2011,Legal Permanent Resident,Malta,51,7,5,D,3,-,D,D,-,D,D,-,D,-,4,-,D,D,-,-,D,-,D,-,-,-,-,-,-,-,-,5,D,-,-,-,-,-,-,-,-,-,-,-,D,-,-,-,-,-,-,D,12
2011,Legal Permanent Resident,Marshall Islands,38,-,-,-,D,D,-,-,D,-,D,-,-,-,D,-,D,-,-,6,D,D,-,-,-,-,-,-,-,-,D,D,-,-,-,-,D,-,-,-,-,-,-,-,D,-,-,-,-,-,-,D,15
2011,Legal Permanent Resident,Mauritania,393,91,D,-,7,4,D,3,-,4,3,D,20,-,6,-,3,3,-,-,8,-,D,-,4,-,-,-,-,D,D,66,D,-,-,-,6,-,7,D,7,D,-,-,D,-,-,-,-,-,D,D,138
2011,Legal Permanent Resident,Mauritius,101,17,10,D,8,D,D,3,4,D,D,D,4,D,-,D,-,-,D,4,D,D,-,D,-,D,-,-,-,-,D,-,-,-,D,D,-,-,-,-,-,-,-,-,D,-,-,-,-,-,-,D,25
2011,Legal Permanent Resident,Mexico,143446,2103,16565,1171,723,7049,2469,7792,7492,161,1593,7204,631,1459,816,6608,4472,589,335,569,2161,443,1814,1123,166,751,1732,5083,22,2538,416,109,63,104,797,297,616,38,336,259,155,66,2987,17,1458,1255,1495,72,975,461,126,3775,41935
2011,Legal Permanent Resident,"Micronesia, Federated States",9,D,-,D,D,-,-,-,-,-,-,-,-,-,-,-,-,-,-,-,-,D,-,-,-,-,-,-,-,-,-,-,-,-,-,-,-,-,-,-,-,-,-,-,-,-,-,-,-,-,-,D,3
2011,Legal Permanent Resident,Moldova,2258,206,69,53,54,94,27,12,10,47,37,21,53,14,238,9,24,9,41,52,35,10,21,317,15,101,7,-,-,3,27,D,3,6,3,D,5,D,6,7,8,8,-,D,3,4,-,D,D,D,19,20,550
2011,Legal Permanent Resident,Monaco,6,D,-,-,-,-,-,-,-,-,-,D,-,D,-,-,-,-,-,-,-,-,-,-,-,-,-,-,-,-,-,-,-,D,-,-,-,-,-,-,-,-,-,-,-,-,-,-,-,-,-,-,1
2011,Legal Permanent Resident,Mongolia,774,13,72,-,110,69,165,7,4,8,-,4,7,3,56,D,D,D,-,3,50,D,9,18,4,D,-,-,D,-,D,-,-,D,5,3,4,-,D,D,D,-,-,-,-,-,D,-,5,6,-,12,122
2011,Legal Permanent Resident,Montenegro,204,124,5,D,-,16,-,D,D,-,D,-,D,D,-,D,-,30,-,-,-,3,D,-,-,-,-,-,-,-,-,-,-,D,-,-,-,-,-,-,-,-,-,-,-,-,-,-,-,D,-,D,9
2011,Legal Permanent Resident,Montserrat,30,9,-,D,-,-,-,-,-,10,3,-,-,-,D,-,-,-,-,-,-,-,-,-,-,-,-,-,-,-,-,-,-,-,-,-,-,-,-,-,-,-,-,-,-,-,-,-,-,-,-,3,1
2011,Legal Permanent Resident,Morocco,4399,772,101,98,353,153,59,81,74,553,97,27,216,16,53,22,9,32,217,23,71,55,19,17,46,13,32,5,D,15,17,72,28,43,3,8,15,20,14,98,6,13,D,6,D,4,D,5,3,11,21,25,753
2011,Legal Permanent Resident,Mozambique,60,10,4,D,4,-,D,D,4,D,D,-,-,-,D,-,4,-,-,-,D,D,-,-,D,-,D,-,-,D,-,-,D,D,-,D,-,D,-,-,D,-,-,-,-,-,-,-,-,-,-,D,10
2011,Legal Permanent Resident,Namibia,43,5,3,D,3,-,-,D,-,D,3,-,-,-,D,-,D,-,-,-,D,-,-,-,-,-,-,-,-,D,D,-,-,-,-,D,-,-,-,-,D,-,-,-,-,-,-,-,-,-,-,-,16
2011,Legal Permanent Resident,Nauru,D,D,-,-,-,-,-,-,-,-,-,-,-,-,-,-,-,-,-,-,-,-,-,-,-,-,-,-,D,-,-,-,-,-,-,-,-,-,-,-,-,-,-,-,-,-,-,-,-,-,-,-,-
2011,Legal Permanent Resident,Nepal,10166,965,219,35,765,251,448,282,699,336,288,53,112,125,234,38,150,41,10,117,326,17,38,100,310,79,101,D,13,77,58,76,37,31,121,117,56,58,10,44,74,34,D,33,96,5,-,-,7,18,62,52,2942
2011,Legal Permanent Resident,Netherlands,1085,136,43,47,32,24,38,29,21,43,33,17,14,44,22,10,12,9,6,8,12,11,8,12,9,7,10,-,D,6,10,D,3,24,3,4,8,D,D,3,8,D,-,3,3,3,D,5,D,-,-,36,299
2011,Legal Permanent Resident,Netherlands Antilles,86,18,D,22,D,-,D,3,-,D,D,D,-,D,D,-,-,-,D,-,-,D,-,-,D,-,-,-,-,-,D,-,-,-,-,-,D,-,-,D,-,D,-,-,-,-,-,D,-,-,-,4,16
2011,Legal Permanent Resident,New Caledonia,5,-,D,-,D,-,-,-,-,-,-,-,-,-,-,-,D,-,-,-,-,-,-,-,-,-,-,-,-,-,-,-,-,D,-,-,-,-,-,-,-,-,-,-,-,-,-,-,-,-,-,-,1
2011,Legal Permanent Resident,New Zealand,803,67,69,17,24,29,37,12,17,11,12,17,6,19,14,7,9,D,3,7,13,6,6,16,7,17,8,-,9,4,-,D,7,4,12,7,6,D,6,3,D,-,D,-,3,5,D,-,-,D,D,30,244
2011,Legal Permanent Resident,Nicaragua,3401,174,343,1342,155,48,190,112,27,13,56,6,31,25,31,65,16,6,33,8,7,27,49,7,13,6,14,4,D,4,32,3,6,7,8,9,5,D,14,12,5,9,D,4,3,4,D,13,D,8,D,24,415
2011,Legal Permanent Resident,Niger,96,14,-,-,7,-,D,-,D,-,D,-,3,-,-,D,-,-,D,-,-,-,-,-,D,-,D,-,-,-,3,4,-,D,-,-,D,-,11,-,-,-,-,-,-,-,-,-,-,D,-,D,42
2011,Legal Permanent Resident,Nigeria,11824,1699,420,117,1004,586,164,1277,732,296,900,35,372,33,54,139,84,147,53,218,70,68,36,63,555,33,80,16,D,47,59,64,82,22,10,51,55,48,179,100,71,40,6,28,6,D,16,-,10,28,37,45,1564
2011,Legal Permanent Resident,Niue,D,-,-,-,-,-,-,-,-,-,-,-,-,-,-,-,-,-,-,-,-,-,-,-,-,-,-,-,-,-,-,-,-,-,-,-,-,-,-,-,-,-,-,-,-,-,-,-,-,-,-,-,1
2011,Legal Permanent Resident,Northern Mariana Islands,D,-,D,-,-,-,-,-,-,-,-,-,-,-,-,-,-,-,-,-,-,-,-,-,-,-,-,-,-,-,-,-,-,-,-,-,-,-,-,-,-,-,-,-,-,-,-,-,-,-,-,-,-
2011,Legal Permanent Resident,Norway,339,45,23,9,20,13,7,34,4,5,D,6,9,D,5,3,D,D,4,9,3,4,D,D,-,3,D,D,D,D,D,3,4,-,3,D,3,4,D,-,3,D,-,-,-,3,D,-,-,D,D,9,75
2011,Legal Permanent Resident,Oman,60,12,D,D,3,-,D,-,3,-,D,4,-,3,-,-,-,-,-,D,D,D,-,-,D,D,-,-,D,-,-,-,-,-,-,-,D,D,-,D,-,D,-,-,-,-,-,-,-,-,D,-,15
2011,Legal Permanent Resident,Pakistan,15546,3932,503,324,1167,1018,353,1106,657,242,329,70,331,158,163,134,90,239,83,58,35,47,43,271,342,32,104,D,25,43,57,69,42,60,39,21,94,137,64,54,64,32,9,23,22,8,21,D,157,61,42,58,2510
2011,Legal Permanent Resident,Palau,7,-,-,-,-,-,-,-,-,-,-,-,-,-,D,-,-,D,-,-,-,-,-,-,-,-,-,-,-,-,-,-,-,-,-,-,-,-,-,-,-,-,-,-,-,D,-,-,-,-,-,D,1
2011,Legal Permanent Resident,Panama,1374,227,46,189,50,22,21,41,26,22,50,10,13,6,15,13,9,D,31,6,8,35,8,13,9,D,10,3,7,20,9,6,4,D,9,9,D,D,5,5,5,17,D,D,D,3,-,8,3,D,D,17,349
2011,Legal Permanent Resident,Papua New Guinea,20,D,D,-,-,D,-,D,-,-,-,D,-,-,-,D,D,-,D,-,D,-,-,-,-,-,-,-,-,-,-,D,-,-,-,-,-,-,D,-,-,-,-,-,-,-,-,-,-,-,-,-,7
2011,Legal Permanent Resident,Paraguay,500,183,14,67,32,12,12,8,5,7,9,3,D,5,-,D,3,3,8,D,5,7,D,-,4,D,-,D,-,D,3,-,-,7,D,-,4,-,-,-,-,-,-,-,-,-,-,D,-,-,D,10,74
2011,Legal Permanent Resident,Peru,14064,3321,1013,2422,1030,177,413,217,232,157,276,71,105,122,100,166,70,20,280,46,92,190,105,38,81,39,49,10,9,33,136,20,41,150,185,32,31,167,34,54,26,38,12,17,8,38,10,54,13,18,26,113,1957
2011,Legal Permanent Resident,Philippines,57011,4177,8686,499,1543,2052,4130,884,612,256,242,2500,495,1632,1469,1734,627,302,417,215,167,309,1662,836,442,305,142,55,3117,189,91,89,87,116,80,72,115,65,84,80,159,341,122,34,74,403,181,6,610,56,118,2363,11969
2011,Legal Permanent Resident,Poland,6863,1980,120,112,82,2184,54,39,34,99,53,27,141,32,38,12,36,99,23,20,33,67,22,19,22,9,9,D,6,6,12,6,26,121,10,5,6,298,4,13,13,16,D,51,D,4,3,D,D,31,34,62,762
2011,Legal Permanent Resident,Portugal,821,281,18,31,26,4,5,8,5,75,6,6,12,13,5,D,6,D,9,D,3,D,D,D,5,D,8,-,D,-,D,D,118,27,D,D,D,5,-,D,D,D,-,3,-,D,-,-,D,-,5,4,108
2011,Legal Permanent Resident,Qatar,193,12,7,D,19,15,4,12,13,4,5,4,10,D,D,D,D,15,4,D,6,D,-,-,D,-,D,-,-,D,-,4,-,4,-,-,3,D,D,7,D,-,-,-,-,-,D,-,-,D,-,-,26
2011,Legal Permanent Resident,Romania,3882,473,190,222,110,405,66,71,52,84,127,38,73,47,112,53,115,176,20,24,22,22,46,53,38,106,19,D,3,6,23,9,11,29,12,17,9,15,21,11,11,18,-,13,3,9,3,D,D,4,70,35,780
2011,Legal Permanent Resident,Russia,7944,1435,496,249,359,290,248,145,106,281,117,116,209,209,276,31,37,66,69,114,125,61,42,170,73,152,29,5,22,15,36,52,9,44,17,27,24,29,23,25,52,34,-,19,8,13,15,8,7,26,51,124,1754
2011,Legal Permanent Resident,Rwanda,520,10,5,D,26,11,D,16,33,18,11,7,4,D,D,6,23,-,D,D,13,-,D,D,D,5,6,-,-,3,4,D,3,3,14,13,D,3,D,D,7,-,-,4,6,-,-,-,-,-,-,D,243
2011,Legal Permanent Resident,Saint Kitts-Nevis,350,88,D,36,4,5,-,5,4,5,11,-,7,-,-,-,-,-,5,D,D,9,-,-,D,-,-,-,-,D,3,D,D,D,-,D,-,3,-,4,-,3,D,-,-,-,-,8,-,-,-,104,34
2011,Legal Permanent Resident,Saint Lucia,785,332,7,43,17,3,3,35,-,11,24,D,16,-,D,D,D,D,25,-,-,9,-,-,6,-,D,-,D,-,-,-,-,6,D,-,4,31,7,D,D,D,-,D,-,-,-,-,-,-,-,107,84
2011,Legal Permanent Resident,Saint Vincent and the Grenadines,468,318,D,11,10,5,-,3,-,7,5,D,16,-,-,D,D,D,9,D,-,5,-,-,D,D,-,-,D,3,-,-,-,3,-,-,D,-,-,D,-,D,-,D,-,-,-,-,-,-,D,14,42
2011,Legal Permanent Resident,Samoa,267,-,24,-,-,-,11,-,D,-,-,5,D,6,31,6,3,-,D,-,D,-,3,9,-,D,-,-,55,D,-,D,-,-,26,-,3,-,-,-,-,-,-,-,-,D,D,-,D,-,D,D,69
2011,Legal Permanent Resident,Sao Tome and Principe,9,D,-,-,D,-,-,-,-,3,-,-,-,-,-,-,-,-,-,-,-,-,-,-,-,-,-,-,-,-,-,-,D,-,-,-,-,-,-,-,-,-,-,-,-,-,-,-,-,-,-,-,2
2011,Legal Permanent Resident,Saudi Arabia,1396,151,93,26,94,112,34,46,56,24,20,18,27,14,28,23,20,42,12,26,29,13,5,6,9,6,4,4,-,5,11,15,6,6,D,11,11,4,7,4,7,D,D,-,D,D,D,-,5,8,5,8,330
2011,Legal Permanent Resident,Senegal,1424,450,22,8,111,24,10,21,21,32,88,6,30,-,14,3,6,34,4,10,7,5,4,D,20,7,-,D,-,D,5,65,49,5,-,9,4,D,26,18,11,3,-,-,-,-,-,-,-,7,7,3,270
2011,Legal Permanent Resident,Serbia,244,32,5,21,12,36,7,-,3,7,D,3,D,6,5,D,5,3,4,-,-,D,3,-,4,D,D,-,D,-,D,-,-,5,D,-,4,-,D,D,D,3,-,-,-,-,-,-,-,D,3,3,48
2011,Legal Permanent Resident,Serbia and Montenegro 1,1398,415,37,38,45,194,14,17,15,22,12,23,27,8,11,3,28,61,8,4,7,20,14,3,8,D,3,D,-,3,6,D,-,18,5,8,7,9,3,D,13,5,-,5,-,-,-,-,-,8,18,12,236
2011,Legal Permanent Resident,Seychelles,15,-,D,-,-,-,-,D,D,D,D,-,-,-,-,-,-,-,-,D,-,-,-,-,D,-,-,-,-,-,-,-,-,-,-,-,-,-,-,-,-,-,-,-,-,-,-,-,-,-,-,3,5
2011,Legal Permanent Resident,Sierra Leone,1985,322,26,8,572,16,16,33,35,46,86,7,228,17,23,9,24,13,5,40,9,8,3,14,36,6,D,D,D,-,21,84,5,-,4,5,8,9,D,21,4,7,-,6,D,3,-,-,5,3,D,D,188
2011,Legal Permanent Resident,Singapore,690,121,56,11,13,28,57,31,16,18,9,12,10,40,13,8,7,3,D,7,5,7,5,D,D,6,6,-,10,-,D,D,5,3,-,-,3,D,6,3,6,D,-,3,D,3,D,-,D,6,D,4,133
2011,Legal Permanent Resident,Slovakia,594,176,19,18,17,49,25,D,D,9,5,4,10,7,6,5,4,4,3,5,7,4,-,D,3,D,D,-,5,-,4,3,3,11,-,D,D,D,-,4,4,D,-,-,-,D,-,-,-,5,4,14,139
2011,Legal Permanent Resident,Slovenia,69,14,5,3,D,6,D,D,-,3,D,4,D,D,D,-,D,D,D,D,-,-,D,-,-,D,-,-,-,-,-,-,-,-,-,D,-,D,-,D,-,-,-,-,-,D,-,-,-,-,-,D,12
2011,Legal Permanent Resident,Solomon Islands,D,-,-,-,-,-,-,-,-,-,-,-,-,-,-,-,-,-,-,-,-,-,-,-,-,-,-,-,-,-,-,-,-,-,-,-,-,-,-,-,-,-,-,-,-,-,-,-,-,-,-,-,1
2011,Legal Permanent Resident,Somalia,4451,7,25,-,75,48,8,18,78,91,79,105,5,14,352,D,121,D,3,733,94,-,9,D,6,95,5,-,-,7,10,396,-,D,76,85,67,11,7,7,28,D,-,8,23,-,-,-,D,25,11,28,1682
2011,Legal Permanent Resident,South Africa,2649,226,170,148,98,54,63,60,74,48,113,55,44,13,40,13,45,23,40,16,51,42,18,27,23,17,12,-,7,18,30,12,6,25,30,22,12,3,7,17,15,19,-,5,13,12,11,-,4,6,9,76,757
2011,Legal Permanent Resident,"Soviet Union, former",3687,774,284,172,100,127,102,61,22,103,51,71,96,50,104,16,27,25,36,33,52,45,33,77,45,57,17,5,11,8,15,17,10,21,20,3,8,9,9,8,10,14,-,6,D,7,4,D,D,14,20,46,837
2011,Legal Permanent Resident,Spain,1890,290,96,309,50,50,64,60,25,65,45,29,15,36,14,7,14,12,23,11,24,24,5,11,6,5,15,6,3,6,10,6,9,9,5,5,15,9,10,15,11,10,-,3,3,5,D,28,-,D,7,20,387
2011,Legal Permanent Resident,Sri Lanka,2053,541,245,13,149,42,78,39,62,41,32,17,28,36,38,28,12,14,11,25,16,8,26,17,12,8,11,D,6,11,3,11,D,9,7,3,D,19,5,11,4,3,-,4,4,8,D,-,D,8,12,11,356
2011,Legal Permanent Resident,Sudan,2628,162,67,15,303,54,20,52,89,55,83,19,91,16,41,16,55,17,6,40,88,D,11,D,20,7,9,-,-,13,10,26,D,D,45,56,35,12,3,8,10,9,-,D,21,-,3,-,-,19,D,11,1002
2011,Legal Permanent Resident,Suriname,196,98,3,33,4,-,3,D,-,-,4,-,-,D,-,-,D,D,6,D,-,4,D,D,-,-,-,-,-,-,D,-,-,D,-,-,-,-,-,-,D,-,-,-,-,D,-,-,-,-,-,-,26
2011,Legal Permanent Resident,Swaziland,19,4,-,-,3,-,-,-,-,D,-,-,D,-,-,-,-,-,-,-,-,-,-,-,-,-,-,-,D,-,-,-,-,-,-,-,-,-,-,-,-,-,-,-,-,D,-,-,-,-,-,D,7
2011,Legal Permanent Resident,Sweden,979,124,68,47,28,40,57,19,11,25,31,30,21,16,26,11,14,6,7,18,7,11,9,7,4,4,11,D,10,4,10,D,D,19,8,3,D,4,-,8,D,4,-,D,D,3,-,D,D,D,D,15,223
2011,Legal Permanent Resident,Switzerland,615,101,51,35,25,18,31,15,4,14,11,13,4,9,11,-,10,6,D,12,4,3,D,D,-,6,6,-,7,-,3,D,4,8,4,D,-,D,D,D,D,-,-,-,7,5,-,D,D,-,D,12,158
2011,Legal Permanent Resident,Syria,2785,225,458,33,61,266,37,50,60,65,26,53,43,19,16,109,47,131,26,11,8,31,8,13,26,16,6,6,D,5,12,20,48,31,5,5,9,13,10,11,11,52,D,21,12,22,D,D,4,15,40,8,576
2011,Legal Permanent Resident,Taiwan,6154,686,1411,33,193,109,458,173,192,129,102,117,67,512,210,153,50,38,20,27,32,13,34,50,41,103,50,14,43,7,13,24,8,17,20,5,28,7,27,32,17,8,9,8,6,22,16,-,3,10,15,37,755
2011,Legal Permanent Resident,Tajikistan,382,137,11,D,33,9,9,D,3,D,8,-,8,-,6,-,-,-,D,4,29,-,-,D,3,6,D,-,D,-,-,3,-,D,D,-,D,-,-,-,-,-,-,-,-,-,-,-,-,-,D,D,96
2011,Legal Permanent Resident,Tanzania,1427,66,31,11,68,24,15,64,63,25,45,20,22,4,30,4,26,D,12,21,15,4,7,-,14,16,15,-,-,12,D,31,19,D,6,5,19,6,4,7,7,4,-,11,33,3,-,-,D,9,5,8,611
2011,Legal Permanent Resident,Thailand,9962,251,734,136,257,198,170,267,359,121,289,139,125,60,181,86,299,35,28,366,230,57,102,59,35,125,86,D,52,100,33,12,18,15,105,89,111,69,116,85,36,47,D,42,37,16,24,-,10,167,30,139,3804
2011,Legal Permanent Resident,Togo,1506,246,6,D,217,57,10,9,32,8,111,10,45,-,10,-,7,12,-,83,31,13,8,D,12,-,-,D,D,4,33,15,4,7,11,3,12,12,8,13,6,3,-,3,8,-,-,-,-,-,7,17,409
2011,Legal Permanent Resident,Tonga,408,4,50,-,D,D,75,D,8,-,-,D,-,34,7,14,11,-,-,-,D,-,5,17,-,3,D,-,27,-,-,-,-,-,61,-,D,-,-,-,-,-,-,-,-,-,-,-,D,-,-,4,76
2011,Legal Permanent Resident,Trinidad and Tobago,5023,2657,22,523,185,31,7,119,31,91,112,5,139,3,10,4,11,9,163,17,10,75,D,4,101,-,6,D,6,7,17,3,7,15,D,6,4,27,7,13,D,18,D,5,3,D,3,3,-,D,5,30,499
2011,Legal Permanent Resident,Tunisia,440,61,25,14,51,11,20,10,10,8,7,3,17,3,8,3,D,10,19,9,5,7,D,5,D,D,D,D,-,D,-,D,-,D,-,D,-,D,D,4,D,-,-,D,-,D,-,D,D,D,D,5,98
2011,Legal Permanent Resident,Turkey,4403,1148,233,159,215,147,142,167,48,136,75,91,201,52,74,18,57,36,43,31,32,45,19,15,48,22,30,5,5,16,18,34,12,16,10,11,12,32,14,20,16,28,-,7,10,4,5,D,D,7,26,29,777
2011,Legal Permanent Resident,Turkmenistan,260,59,16,11,5,9,10,7,D,11,D,D,5,7,13,3,D,D,-,-,5,D,-,D,-,6,-,D,-,3,-,D,3,3,3,-,-,-,-,-,3,D,-,-,-,-,-,-,-,19,D,D,41
2011,Legal Permanent Resident,Turks and Caicos Islands,33,D,-,16,-,-,-,-,-,-,-,-,-,-,-,-,-,-,6,-,-,D,-,-,D,-,-,-,-,-,-,-,-,D,-,-,-,-,-,-,-,-,-,-,-,-,-,D,-,-,-,-,6
2011,Legal Permanent Resident,Tuvalu,D,-,-,-,-,-,-,-,-,-,-,-,-,-,-,-,-,-,-,-,-,-,-,-,-,-,-,-,-,-,-,-,-,-,-,-,-,-,-,-,-,-,-,-,-,-,-,-,-,-,-,D,-
2011,Legal Permanent Resident,U.S. Virgin Islands,D,-,-,-,-,-,-,-,-,-,-,-,-,-,-,-,-,-,-,-,-,-,-,-,-,-,-,-,-,-,-,-,-,-,-,-,-,-,-,-,-,-,-,-,-,-,-,-,-,-,-,D,-
2011,Legal Permanent Resident,Uganda,1239,47,63,5,86,44,27,25,35,239,18,15,27,D,31,7,9,15,3,24,27,3,6,8,14,6,3,-,D,D,5,11,4,3,9,11,14,5,7,3,8,D,-,17,-,4,D,-,D,6,6,12,320
2011,Legal Permanent Resident,Ukraine,8292,1751,271,168,150,774,125,78,74,142,99,72,348,65,363,32,47,167,41,82,74,54,47,387,63,214,17,5,11,34,46,41,15,71,32,14,22,53,25,47,44,19,3,10,11,8,14,D,D,35,177,104,1742
2011,Legal Permanent Resident,United Arab Emirates,707,118,43,14,44,37,8,64,39,15,7,16,9,11,13,10,7,15,9,10,3,10,D,5,9,D,D,D,D,3,3,4,D,D,4,3,6,3,D,4,4,D,-,D,-,-,-,-,3,D,5,D,132
2011,Legal Permanent Resident,United Kingdom,11572,1479,781,350,387,285,466,513,270,391,261,182,210,174,220,74,174,167,252,105,98,159,74,86,67,102,126,9,30,42,90,53,62,129,26,60,33,48,51,64,62,46,4,51,29,63,13,8,13,24,35,215,2859
2011,Legal Permanent Resident,United States,269,36,24,19,23,6,8,14,7,5,4,14,7,D,D,5,D,3,D,D,-,D,3,-,D,-,D,5,D,5,D,D,-,D,3,D,D,-,-,-,-,-,6,D,D,D,D,-,-,-,D,D,47
2011,Legal Permanent Resident,Uruguay,1553,399,27,409,46,8,7,22,18,16,126,6,9,D,D,17,5,D,27,3,4,12,8,D,D,3,D,-,D,-,16,-,4,15,15,-,3,6,3,D,D,5,-,66,D,-,-,13,-,3,7,8,201
2011,Legal Permanent Resident,Uzbekistan,5056,3158,136,46,81,97,53,18,25,30,32,39,226,11,45,4,37,28,41,15,26,4,5,36,65,24,D,D,D,5,12,25,5,D,D,33,8,9,D,8,43,5,-,D,D,4,D,-,D,8,30,12,552
2011,Legal Permanent Resident,Vanuatu,4,-,-,-,-,-,-,-,-,D,-,-,-,-,D,-,-,-,-,-,-,-,-,-,-,-,-,-,-,-,-,-,-,-,-,-,-,-,-,-,-,-,-,-,-,-,-,-,-,-,-,-,2
2011,Legal Permanent Resident,Venezuela,9183,604,137,3897,156,83,51,689,136,135,271,34,68,22,30,29,26,18,569,28,36,173,23,19,24,13,45,13,D,16,44,20,36,41,55,34,18,22,33,50,22,51,7,16,D,4,-,105,5,12,10,43,1205
2011,Legal Permanent Resident,Vietnam,34157,507,5761,290,991,490,1164,2337,1496,799,931,983,774,2777,1525,545,480,140,317,513,429,405,123,538,179,680,256,18,136,139,334,46,30,32,151,70,121,73,55,173,165,111,D,135,95,72,37,D,115,31,49,153,6378
2011,Legal Permanent Resident,Yemen,3361,1316,8,3,29,95,215,4,7,-,4,4,16,D,26,3,D,570,3,13,D,D,-,10,4,6,-,-,-,D,D,8,-,D,D,22,-,20,-,5,4,D,-,D,-,-,62,-,18,-,D,33,835
2011,Legal Permanent Resident,Zambia,652,59,23,D,33,22,6,12,51,7,45,6,12,D,20,-,22,3,9,14,5,3,D,7,9,D,D,-,-,D,D,3,-,D,7,D,6,D,8,7,13,6,-,D,7,D,-,-,-,D,6,6,192
2011,Legal Permanent Resident,Zimbabwe,1016,67,15,21,40,23,11,15,158,49,65,9,23,3,9,9,12,7,8,10,10,8,3,D,9,8,7,-,D,4,3,17,D,D,4,9,6,3,38,8,3,D,-,10,D,6,-,-,D,D,4,11,279
2011,Legal Permanent Resident,Unknown,1245,140,65,59,44,114,46,53,31,14,14,14,25,10,9,33,11,25,11,12,9,19,2,13,8,4,1,5,-,4,9,30,1,1,1,4,3,2,9,7,27,3,4,4,5,2,-,3,3,14,7,21,290
