Year,Status,Country,Total,"New York-Northern New Jersey-Long Island, NY-NJ-PA","Los Angeles-Long Beach-Santa Ana, CA","Miami-Fort Lauderdale-Pompano Beach, FL","Chicago-Joliet-Naperville, IL-IN-WI","San Francisco-Oakland-Fremont, CA","Washington-Arlington-Alexandria, DC-VA-MD-WV","Boston-Cambridge-Quincy, MA-NH","Houston-Sugar Land-Baytown, TX","Dallas-Fort Worth-Arlington, TX","Atlanta-Sandy Springs-Marietta, GA","Philadelphia-Camden-Wilmington, PA-NJ-DE-MD","Seattle-Tacoma-Bellevue, WA","Riverside-San Bernardino-Ontario, CA","San Diego-Carlsbad-San Marcos, CA","San Jose-Sunnyvale-Santa Clara, CA","Minneapolis-St. Paul-Bloomington, MN-WI","Phoenix-Mesa-Glendale, AZ","Orlando-Kissimmee-Sanford, FL","Sacramento--Arden-Arcade--Roseville, CA","Detroit-Warren-Livonia, MI","Tampa-St. Petersburg-Clearwater, FL","Las Vegas-Paradise, NV","Denver-Aurora-Broomfield, CO","Portland-Vancouver-Hillsboro, OR-WA","Baltimore-Towson, MD","Providence-New Bedford-Fall River, RI-MA","Austin-Round Rock-San Marcos, TX","Columbus, OH","Fresno, CA","San Antonio-New Braunfels, TX","Bridgeport-Stamford-Norwalk, CT","Stockton, CA","Charlotte-Gastonia-Rock Hill, NC-SC","Jacksonville, FL","Raleigh-Cary, NC","Honolulu, HI","Hartford-West Hartford-East Hartford, CT","El Paso, TX","St. Louis, MO-IL","Nashville-Davidson--Murfreesboro--Franklin, TN","Salt Lake City, UT","Kansas City, MO-KS","Cleveland-Elyria-Mentor, OH","Oxnard-Thousand Oaks-Ventura, CA","Bakersfield-Delano, CA","Cape Coral-Fort Myers, FL","Worcester, MA","Virginia Beach-Norfolk-Newport News, VA-NC","Indianapolis-Carmel, IN","Cincinnati-Middletown, OH-KY-IN",Non-CBSA,Other & Unknown
2011,Naturalization,Afghanistan,1998,268,137,4,31,275,239,19,24,61,45,14,18,33,59,19,6,74,-,57,4,3,12,31,18,13,D,6,3,-,3,D,46,5,24,3,-,13,-,31,11,18,6,D,12,3,-,9,6,4,D,-,324
2011,Naturalization,Albania,4267,1263,18,46,239,9,31,357,7,21,8,237,13,11,14,D,6,40,20,6,591,187,21,8,7,25,D,3,11,-,4,35,-,4,147,3,D,76,-,52,11,-,5,58,5,-,8,131,11,-,D,7,505
2011,Naturalization,Algeria,773,144,31,22,41,51,32,82,10,12,11,39,16,D,9,6,4,5,10,4,13,7,6,10,-,3,11,12,14,-,8,D,-,-,D,8,-,5,-,-,-,-,-,4,-,-,D,D,D,8,D,3,123
2011,Naturalization,American Samoa,205,D,11,-,-,10,3,-,-,-,-,-,23,9,8,D,-,-,-,4,-,-,4,-,D,-,-,-,-,-,D,-,D,-,-,-,34,-,D,-,D,9,D,-,-,-,-,-,D,D,D,11,63
2011,Naturalization,Andorra,D,D,-,-,-,-,-,-,-,-,-,-,-,-,-,-,-,-,-,-,-,-,-,-,-,-,-,-,-,-,-,-,-,-,-,-,-,-,-,-,-,-,-,-,-,-,-,-,-,-,-,-,-
2011,Naturalization,Angola,162,13,-,10,9,D,7,33,8,D,4,6,D,-,-,-,D,D,D,-,-,3,D,D,4,4,15,D,-,-,-,3,D,-,-,5,D,-,-,-,-,-,-,-,-,-,-,D,-,-,-,D,20
2011,Naturalization,Anguilla,38,5,D,D,-,-,-,-,D,-,4,D,-,-,-,-,-,-,-,-,-,D,-,-,-,-,-,-,-,-,-,-,-,-,-,D,-,D,-,-,-,-,-,-,-,-,-,-,-,-,-,18,3
2011,Naturalization,Antigua-Barbuda,386,156,3,18,3,D,7,9,D,3,16,13,-,D,4,D,4,-,15,-,-,9,-,-,-,4,D,D,-,-,-,3,-,3,D,-,D,4,-,D,-,-,-,D,-,-,-,-,D,-,-,42,56
2011,Naturalization,Argentina,3870,410,280,1249,77,56,105,64,87,39,51,54,27,59,37,22,19,27,91,13,12,38,40,27,11,19,13,14,7,D,8,21,4,17,23,26,10,12,5,7,7,29,15,7,17,D,36,5,5,5,6,15,638
2011,Naturalization,Armenia,3965,154,3101,13,20,32,25,57,D,13,D,15,18,17,12,15,5,16,8,92,7,6,63,17,3,5,8,3,3,68,D,3,-,5,6,D,-,D,-,3,D,3,-,13,6,3,D,6,5,D,D,3,99
2011,Naturalization,Aruba,40,12,D,4,D,-,D,-,D,D,D,-,-,-,-,D,-,-,D,-,-,-,-,-,D,-,-,-,-,-,D,-,-,-,D,-,-,-,-,-,-,-,-,-,-,-,-,-,-,-,-,5,7
2011,Naturalization,Australia,1291,107,116,16,26,76,34,44,21,28,18,14,45,21,35,37,15,21,11,18,13,9,17,19,17,8,D,13,8,D,8,12,D,4,6,6,14,4,3,10,4,8,6,4,5,D,D,6,7,4,3,40,322
2011,Naturalization,Austria,271,45,15,16,9,10,7,8,7,D,8,3,5,D,5,7,D,4,D,3,D,4,5,3,D,D,-,D,-,-,-,4,-,D,-,-,5,-,-,D,D,-,D,D,D,D,D,-,3,-,D,6,63
2011,Naturalization,Azerbaijan,1153,206,474,13,18,22,14,27,19,5,7,21,46,5,15,D,12,5,D,17,15,5,5,5,9,10,5,D,4,-,D,5,D,3,7,-,D,4,-,4,D,5,3,5,-,-,D,D,D,-,D,D,115
2011,Naturalization,Bahamas,609,17,4,271,10,3,12,9,10,3,49,5,D,D,D,D,D,D,28,-,D,13,4,5,D,D,D,D,D,-,-,-,-,4,3,4,D,-,D,D,-,-,D,D,-,-,4,-,3,-,D,8,115
2011,Naturalization,Bahrain,80,8,4,D,7,D,5,-,9,D,D,3,D,D,D,D,D,D,-,D,D,D,-,D,D,D,-,-,-,-,-,-,D,-,D,-,D,-,-,D,-,-,-,-,D,-,-,-,-,-,-,-,13
2011,Naturalization,Bangladesh,7325,3423,336,285,86,44,295,126,125,201,213,246,23,86,9,31,36,49,48,23,313,47,9,14,17,55,8,24,40,D,16,36,-,9,5,23,13,39,4,6,18,D,10,3,3,8,12,D,3,17,7,19,857
2011,Naturalization,Barbados,648,272,5,43,5,7,20,45,14,5,25,25,D,-,D,D,-,3,13,D,-,5,D,D,-,9,5,D,-,-,D,4,-,8,D,D,D,7,-,D,-,-,D,-,D,-,D,-,10,4,D,8,86
2011,Naturalization,Belarus,1814,340,46,42,109,47,33,64,12,7,33,85,75,5,13,18,68,8,12,152,5,8,5,36,32,29,D,3,11,4,D,7,-,7,9,D,D,4,-,11,3,-,D,7,D,-,3,3,7,6,5,11,419
2011,Naturalization,Belgium,525,50,36,22,16,18,30,15,17,10,19,11,9,5,11,11,3,8,9,D,3,5,3,4,8,5,D,9,D,-,D,10,-,D,D,D,-,D,D,D,D,3,D,-,D,-,3,D,3,D,D,11,135
2011,Naturalization,Belize,742,117,203,30,91,5,12,5,25,8,11,4,4,18,8,D,D,6,10,D,D,14,17,D,-,-,-,-,-,-,5,3,D,D,7,D,D,-,-,D,3,-,D,-,-,D,D,-,12,-,D,7,97
2011,Naturalization,Benin,183,14,4,D,16,3,23,D,3,D,8,14,-,-,D,D,4,-,D,-,3,-,-,3,-,3,D,-,3,-,-,D,-,D,-,3,-,-,-,3,D,D,-,-,D,-,-,-,D,10,D,3,42
2011,Naturalization,Bermuda,58,D,D,4,D,-,5,D,D,D,3,D,-,D,-,-,-,-,4,-,-,D,-,-,-,D,4,-,-,-,-,D,-,D,D,-,-,D,-,-,-,-,-,-,-,-,-,D,D,D,-,D,15
2011,Naturalization,Bhutan,55,10,D,-,D,6,4,-,D,D,11,-,D,-,-,3,-,3,-,D,-,-,-,-,-,-,-,-,-,-,-,-,-,-,-,-,-,-,-,-,-,-,-,-,D,-,-,-,-,D,-,-,7
2011,Naturalization,Bolivia,1446,145,78,145,16,17,438,23,29,11,8,12,10,9,10,15,5,5,15,D,D,14,8,9,6,7,30,10,D,D,9,6,3,-,7,3,-,D,D,-,D,7,4,D,-,D,11,-,D,D,D,7,297
2011,Naturalization,Bosnia-Herzegovina,4259,79,29,7,279,61,27,52,46,79,185,20,79,10,6,41,56,149,39,22,97,191,54,37,60,6,3,19,8,-,D,D,-,23,206,-,D,74,-,399,28,88,26,97,D,D,3,D,8,18,24,11,1504
2011,Naturalization,Botswana,9,D,-,-,-,-,D,D,-,-,-,-,-,-,-,-,-,-,-,-,-,-,-,-,-,-,-,-,-,-,-,-,-,-,-,-,-,-,-,-,-,-,-,-,D,-,-,-,-,-,-,-,5
2011,Naturalization,Brazil,10251,1243,351,1790,123,243,202,1508,114,169,304,112,74,44,157,73,42,46,397,28,46,132,55,52,25,41,148,54,25,4,17,255,7,39,42,29,33,35,4,16,14,66,17,16,19,8,75,230,8,23,24,101,1571
2011,Naturalization,British Virgin Islands,48,4,D,7,D,-,D,D,-,-,D,D,-,-,-,-,-,-,3,-,-,D,-,-,-,-,-,-,-,-,-,-,-,D,-,-,-,-,-,-,-,-,-,-,-,-,-,-,-,-,-,14,12
2011,Naturalization,Brunei,11,D,D,-,D,-,-,-,-,-,-,-,D,-,D,-,-,-,-,D,-,-,-,-,D,-,-,-,-,-,-,-,-,-,-,-,-,-,-,-,-,-,-,-,-,-,-,-,-,-,-,-,3
2011,Naturalization,Bulgaria,3103,280,139,81,590,130,69,130,53,36,99,60,106,13,34,40,28,66,30,25,39,74,124,36,17,28,8,9,D,-,8,16,D,17,13,5,4,10,-,33,8,8,8,13,8,-,4,7,15,9,13,24,531
2011,Naturalization,Burkina Faso,163,43,3,3,4,D,23,-,-,3,6,6,9,-,D,-,D,D,-,-,-,-,-,D,-,3,-,-,3,-,-,-,-,-,-,-,-,D,-,D,D,-,-,-,-,D,-,-,-,-,D,D,43
2011,Naturalization,Burma,2321,253,311,36,44,307,148,26,18,36,25,18,25,31,16,47,58,27,11,19,6,8,17,11,16,29,7,11,7,5,3,6,8,5,30,8,6,5,D,D,14,6,7,D,8,8,D,-,4,34,8,10,571
2011,Naturalization,Burundi,168,25,4,-,5,-,11,D,D,12,7,D,3,D,3,-,4,11,-,-,-,-,-,D,D,D,D,D,3,-,D,-,-,D,D,-,-,-,-,-,D,-,-,D,-,-,-,-,-,D,3,D,52
2011,Naturalization,Cambodia,4589,42,735,9,55,125,73,409,113,93,65,221,304,123,106,75,136,26,7,32,7,24,25,33,53,5,93,13,19,113,D,26,516,12,37,-,7,5,D,-,10,12,10,10,4,12,-,6,5,3,24,27,725
2011,Naturalization,Cameroon,2172,101,58,14,63,22,603,85,92,87,135,28,14,12,7,11,89,16,6,-,21,13,5,14,6,118,4,14,36,-,11,3,D,17,D,5,D,3,D,9,5,D,10,14,-,D,-,13,6,D,25,7,360
2011,Naturalization,Canada,9318,512,443,415,257,242,174,279,224,266,187,144,316,78,156,118,107,289,102,65,226,173,109,125,111,62,30,69,38,8,46,60,9,68,43,80,38,45,5,44,43,58,41,40,26,7,49,33,48,37,49,205,2919
2011,Naturalization,Cape Verde,974,21,D,-,-,-,D,625,-,D,D,-,-,-,-,-,-,-,5,D,-,D,-,-,-,-,264,-,-,-,-,3,-,-,-,-,-,-,-,-,-,D,-,-,-,-,-,D,-,-,-,3,44
2011,Naturalization,Cayman Islands,15,3,-,4,D,-,-,-,-,D,D,D,-,-,-,-,-,-,-,-,-,D,-,-,-,-,-,-,-,-,D,-,-,-,D,-,-,-,-,-,-,-,-,-,-,-,-,-,-,-,-,-,-
2011,Naturalization,Central African Republic,34,4,D,-,-,D,4,-,-,D,D,3,-,-,-,-,D,-,-,-,D,D,-,-,-,D,-,-,-,-,D,-,-,-,D,-,-,-,-,-,-,-,-,D,-,-,-,-,-,-,D,-,8
2011,Naturalization,Chad,50,9,-,-,D,-,5,D,3,-,D,-,-,-,-,-,-,D,-,D,-,-,-,-,D,D,-,-,-,-,-,-,-,-,-,-,-,D,-,D,-,D,-,-,-,-,-,-,-,D,D,-,19
2011,Naturalization,Chile,1527,221,101,312,31,41,62,38,29,11,22,21,29,21,14,7,9,18,33,8,D,13,14,18,11,6,4,5,3,D,5,11,-,14,D,3,3,4,D,D,3,19,5,3,8,-,D,D,4,D,4,17,309
2011,Naturalization,"China, People's Republic",32864,7749,4309,311,985,3775,705,1390,735,375,432,894,737,418,390,1051,248,205,132,311,190,97,362,162,304,230,81,156,118,43,76,50,72,50,65,138,246,83,10,120,76,63,75,83,67,17,14,72,79,88,98,210,4117
2011,Naturalization,Colombia,22693,3592,457,7414,334,166,312,504,597,208,700,192,93,119,97,57,55,102,1409,24,23,803,102,89,26,53,171,60,34,7,91,207,9,233,161,99,11,76,22,42,47,52,35,29,20,15,208,32,56,31,25,114,3278
2011,Naturalization,Comoros,8,-,D,-,-,-,D,-,-,-,D,D,D,-,-,-,-,-,-,-,-,-,-,-,-,D,-,-,-,-,-,-,-,-,-,-,-,-,-,-,-,-,-,-,-,-,-,-,-,-,-,-,1
2011,Naturalization,"Congo, Democratic Republic",908,39,16,7,27,6,73,43,12,104,55,10,14,D,11,3,15,8,11,6,8,D,D,34,5,15,D,3,7,D,3,11,-,39,D,43,D,3,-,15,5,6,D,4,-,-,-,D,4,4,6,5,214
2011,Naturalization,"Congo, Republic",345,37,14,4,18,6,29,11,7,13,17,4,7,D,5,D,5,5,D,-,3,D,4,6,D,5,-,6,8,-,-,D,-,6,D,14,-,D,-,3,4,-,-,-,D,-,-,-,D,-,3,D,84
2011,Naturalization,Costa Rica,1511,265,75,220,34,30,42,29,31,21,31,26,12,30,16,D,9,11,41,5,6,45,15,11,5,6,7,4,D,D,8,21,3,13,10,D,6,D,D,-,12,5,D,-,-,D,13,D,4,3,5,11,356
2011,Naturalization,Cote d'Ivoire,694,167,12,4,17,11,85,22,15,22,50,30,14,D,5,4,8,4,3,D,4,5,D,12,4,11,D,3,11,-,D,4,-,9,D,3,-,4,D,5,5,-,3,5,-,-,-,3,D,9,4,3,103
2011,Naturalization,Croatia,569,69,12,18,59,9,8,22,8,7,17,11,9,D,7,5,4,13,4,D,10,8,12,7,4,3,-,3,-,D,D,4,-,3,17,D,D,D,-,6,D,6,4,23,-,-,-,D,D,4,D,D,158
2011,Naturalization,Cuba,21071,540,156,15464,66,21,25,33,161,56,77,32,11,39,34,10,12,98,346,5,D,961,261,14,63,10,6,37,11,D,16,13,-,24,82,20,4,8,12,9,17,24,21,4,D,D,393,7,27,3,3,48,1781
2011,Naturalization,Cyprus,115,30,10,7,5,D,5,4,5,-,D,D,D,D,D,D,-,3,D,-,D,D,D,-,-,D,-,D,D,-,-,D,D,-,-,-,-,D,-,-,-,-,-,D,-,-,-,D,D,D,-,-,19
2011,Naturalization,Czech Republic,485,44,32,24,33,11,17,10,5,6,12,8,12,4,5,5,3,4,5,-,3,21,9,10,8,4,D,D,3,D,D,D,D,5,3,4,-,D,-,D,-,5,D,D,D,-,4,4,D,D,-,7,134
2011,Naturalization,"Czechoslovakia, former",310,27,17,17,22,11,7,6,7,3,5,5,6,D,4,D,D,4,5,3,3,9,D,4,4,D,D,D,D,-,D,-,-,D,D,D,4,D,-,D,D,5,D,D,D,-,D,D,-,D,D,7,91
2011,Naturalization,Denmark,124,7,10,4,3,7,3,D,-,4,-,D,D,D,6,6,-,4,D,D,-,D,D,3,D,4,-,D,-,-,D,-,-,-,-,-,D,-,-,D,D,D,-,-,D,-,-,D,D,D,-,7,31
2011,Naturalization,Djibouti,22,-,-,-,D,D,-,D,-,-,-,-,3,-,D,-,4,-,-,-,-,-,-,-,-,-,-,-,D,-,-,-,-,-,-,-,-,-,-,-,-,-,-,-,-,-,-,-,-,-,-,-,8
2011,Naturalization,Dominica,594,148,5,57,8,D,6,25,29,8,15,7,3,-,-,D,D,4,9,-,-,11,-,-,-,4,-,-,D,-,D,11,-,D,D,-,D,D,-,D,D,-,-,-,-,-,D,D,D,D,-,139,84
2011,Naturalization,Dominican Republic,20508,11070,23,1379,60,10,158,1719,52,21,120,459,21,10,19,D,13,24,418,4,15,214,18,9,5,33,627,D,35,-,10,109,-,48,33,55,4,54,D,4,8,12,12,25,-,3,49,131,37,24,20,165,3165
2011,Naturalization,East Timor,D,D,-,-,-,-,-,-,-,-,-,-,-,-,-,-,-,-,-,-,-,-,-,-,-,-,-,-,-,-,-,-,-,-,-,-,-,-,-,-,-,-,-,-,-,-,-,-,-,-,-,-,1
2011,Naturalization,Ecuador,6929,3326,220,791,291,38,134,46,64,40,71,74,17,32,22,8,76,18,171,9,3,72,31,13,3,23,15,11,11,-,8,140,D,91,22,17,6,35,D,11,6,14,17,6,4,3,24,23,23,5,7,22,812
2011,Naturalization,Egypt,5848,1696,575,76,135,72,181,150,107,80,46,171,70,168,34,43,57,31,51,26,69,121,19,11,28,44,44,7,33,16,8,15,7,36,15,64,D,10,3,16,349,D,6,36,23,8,5,62,24,40,7,34,916
2011,Naturalization,El Salvador,13834,1408,3663,309,123,632,1307,411,1131,512,160,30,78,433,62,107,60,102,45,49,8,41,255,70,40,97,38,48,17,48,33,25,23,83,16,48,D,6,6,D,40,56,33,13,53,80,17,25,23,26,10,106,1821
2011,Naturalization,Equatorial Guinea,9,D,-,-,-,-,-,-,-,-,-,-,-,-,D,-,-,-,-,-,-,-,-,-,-,-,-,-,-,-,-,-,-,D,-,D,-,-,-,-,-,-,-,-,-,-,-,-,-,-,-,-,4
2011,Naturalization,Eritrea,985,22,41,D,21,69,139,18,32,44,33,13,103,6,18,43,43,13,4,7,D,4,35,33,14,10,D,3,21,4,4,3,D,16,D,8,-,-,-,3,9,4,D,-,-,-,-,-,3,9,8,5,110
2011,Naturalization,Estonia,217,30,16,16,11,4,6,7,D,-,-,6,16,-,3,D,7,-,9,7,3,D,D,5,5,3,D,D,D,-,-,D,-,D,D,-,-,-,-,D,-,D,D,D,-,-,-,-,D,D,D,4,34
2011,Naturalization,Ethiopia,8519,154,330,13,188,223,1593,198,157,415,556,109,650,31,131,153,765,73,18,48,16,22,361,318,98,96,8,58,172,9,9,10,8,52,36,53,6,7,4,55,130,17,78,8,4,5,D,D,16,23,41,11,980
2011,Naturalization,Fiji,1118,6,38,-,10,261,6,D,5,5,D,D,65,19,3,39,-,3,-,368,-,-,6,D,27,-,-,3,D,5,-,-,42,-,-,D,10,D,-,-,-,D,-,-,D,3,-,7,-,-,D,5,170
2011,Naturalization,Finland,344,28,13,42,10,14,6,14,4,18,17,4,9,D,24,5,D,5,3,D,3,4,D,D,6,3,-,4,D,-,D,-,-,6,-,D,D,D,-,D,D,D,D,-,D,-,D,-,-,D,-,3,73
2011,Naturalization,France,2527,380,201,198,58,167,113,113,44,53,41,42,55,12,54,71,21,32,25,19,24,33,33,15,22,21,9,24,5,4,11,14,3,10,D,14,8,5,D,4,D,3,6,11,5,-,8,6,3,8,6,29,478
2011,Naturalization,French Polynesia,14,D,D,-,-,D,-,-,-,-,-,D,D,-,-,-,-,-,-,-,-,-,-,-,-,-,-,-,-,-,-,-,-,-,-,-,4,-,-,-,-,-,-,-,-,-,-,-,-,-,-,-,2
2011,Naturalization,Gabon,53,7,D,-,-,D,3,-,D,D,D,D,-,-,D,D,-,-,-,-,-,D,-,D,D,5,-,-,D,-,-,D,-,-,-,-,-,-,-,-,D,-,-,-,-,-,-,-,D,-,D,D,14
2011,Naturalization,Gambia,505,75,6,D,3,D,58,5,D,11,44,5,51,D,D,D,13,D,D,-,12,-,D,D,6,4,12,-,15,-,D,D,-,4,D,20,D,-,-,D,5,-,12,D,-,-,-,D,3,-,3,7,107
2011,Naturalization,Georgia,1253,463,244,21,37,17,23,16,4,5,18,49,41,D,12,12,4,4,3,13,4,D,13,10,31,3,D,-,5,3,D,D,-,5,D,D,-,3,-,3,D,3,D,3,D,-,D,-,D,D,8,5,145
2011,Naturalization,Germany,4461,299,233,160,125,185,148,113,60,56,95,88,107,34,72,74,23,71,26,30,68,76,39,38,49,46,15,30,12,D,29,20,D,25,23,24,23,15,22,21,17,17,13,16,14,5,42,8,25,20,22,143,1539
2011,Naturalization,Ghana,4690,1261,52,12,246,15,466,73,69,107,242,164,29,25,13,4,81,28,16,7,15,17,8,66,5,122,30,11,205,3,16,15,D,44,13,20,4,60,6,6,30,3,13,4,3,-,D,175,32,12,59,24,756
2011,Naturalization,Gibraltar,D,-,D,-,-,D,-,-,-,D,-,-,-,-,-,-,-,-,-,-,-,-,-,-,-,-,-,-,-,-,-,-,-,-,-,-,-,-,-,-,-,-,-,-,-,-,-,D,-,-,-,-,-
2011,Naturalization,Greece,844,174,80,29,72,8,14,58,16,6,7,31,9,D,7,11,4,8,3,D,16,15,9,5,D,16,4,D,4,D,D,11,-,8,D,7,D,8,D,D,D,6,D,5,D,D,D,9,3,D,5,9,143
2011,Naturalization,Grenada,528,340,D,21,D,D,23,6,8,6,10,7,D,-,-,-,D,-,7,D,-,5,-,-,D,5,-,-,D,-,D,5,-,4,D,-,-,D,-,D,4,D,-,D,-,-,3,-,4,-,-,5,47
2011,Naturalization,Guatemala,7285,579,1982,353,269,270,239,313,221,119,72,26,49,280,75,38,28,116,39,38,6,36,108,51,52,27,220,28,D,11,24,68,20,9,16,10,4,D,9,7,35,33,22,9,46,39,29,19,12,25,20,56,1123
2011,Naturalization,Guinea,575,170,4,D,7,-,49,19,D,3,53,43,10,D,-,-,19,4,-,-,6,D,-,10,-,9,8,D,28,-,-,D,-,4,4,3,-,D,-,-,-,D,D,-,D,-,-,D,-,12,6,D,86
2011,Naturalization,Guinea-Bissau,29,D,-,-,-,-,3,5,-,-,D,D,-,D,-,-,-,3,-,D,D,-,-,-,-,-,4,-,-,-,-,D,-,-,-,-,-,-,-,-,-,-,-,-,-,-,-,-,-,-,-,-,5
2011,Naturalization,Guyana,5413,3526,22,233,20,6,132,32,28,27,133,55,7,8,6,4,85,4,199,3,6,56,10,-,D,29,3,D,6,-,4,8,D,12,28,3,D,74,3,D,7,-,6,13,D,D,13,5,15,D,D,22,546
2011,Naturalization,Haiti,14191,2580,24,5728,84,17,119,1295,17,16,301,271,17,4,14,D,10,14,727,D,6,201,18,16,11,21,96,18,17,-,4,184,D,17,138,12,6,16,D,17,21,D,17,D,D,-,261,36,25,13,4,68,1698
2011,Naturalization,Honduras,3980,613,289,636,66,36,131,111,250,85,72,28,20,51,23,20,20,21,61,4,4,72,33,18,9,38,12,17,9,8,22,22,5,20,13,24,D,4,9,D,11,11,14,6,6,12,16,9,12,20,5,51,927
2011,Naturalization,Hong Kong,2184,355,332,28,50,335,26,96,72,30,28,27,98,22,38,104,10,33,18,43,12,5,24,7,14,11,5,12,6,4,3,7,4,5,D,3,39,4,D,6,D,D,7,3,4,-,5,D,D,-,3,11,226
2011,Naturalization,Hungary,953,157,76,89,24,25,22,20,13,14,7,14,16,10,8,12,5,18,18,8,6,29,18,13,8,5,D,3,6,-,D,13,D,7,12,6,D,D,-,4,D,4,-,12,3,-,4,4,6,-,D,9,214
2011,Naturalization,Iceland,76,3,5,4,4,D,D,6,D,D,D,D,4,-,-,D,-,-,4,-,D,4,D,-,-,-,-,-,-,-,-,D,-,-,-,D,-,-,D,-,-,-,-,-,D,-,-,-,4,-,D,D,18
2011,Naturalization,India,45985,6977,1597,558,2792,2411,1385,1142,1610,1697,1425,1704,936,369,309,2045,376,498,268,730,800,374,140,185,268,439,126,382,296,439,185,270,364,283,156,463,15,260,27,281,149,35,234,213,152,307,37,202,85,310,306,332,9041
2011,Naturalization,Indonesia,2345,270,428,13,46,172,60,72,50,49,89,139,51,159,45,49,9,21,12,38,D,10,32,43,17,7,4,18,16,9,10,3,8,9,6,17,13,D,-,4,3,7,5,4,16,6,3,D,4,4,4,14,272
2011,Naturalization,Iran,9286,369,3559,95,199,402,486,105,266,230,173,68,165,111,316,419,35,124,37,148,35,43,94,62,78,97,6,47,22,24,48,9,8,32,15,30,3,11,11,31,53,64,39,27,50,11,3,16,11,15,5,17,962
2011,Naturalization,Iraq,3360,48,113,10,187,6,56,16,30,83,29,18,30,19,403,22,17,138,7,6,1209,4,18,22,23,14,3,3,14,D,10,4,-,3,30,9,3,3,D,18,160,26,20,D,-,D,-,5,6,5,3,4,496
2011,Naturalization,Ireland,1171,269,42,31,62,71,25,124,13,6,16,29,34,6,23,25,7,20,8,5,4,6,3,10,10,6,10,8,D,D,D,13,-,8,6,4,-,6,4,D,4,D,3,9,D,D,D,9,5,D,5,15,194
2011,Naturalization,Israel,3153,821,429,336,111,90,53,100,50,61,64,72,43,31,35,101,14,33,25,12,25,15,55,12,6,9,8,11,18,D,10,5,D,5,9,11,4,D,D,17,7,3,8,29,13,-,4,-,7,8,5,16,345
2011,Naturalization,Italy,2231,489,136,170,70,73,51,107,23,16,35,80,37,14,45,31,9,18,12,8,38,24,20,15,8,15,18,10,5,4,8,23,-,14,12,11,8,14,D,6,D,9,D,11,3,D,9,7,10,5,4,33,457
2011,Naturalization,Jamaica,14591,4829,111,3215,167,30,374,287,111,59,738,432,35,41,31,4,24,23,421,15,40,216,22,7,11,152,23,6,16,D,18,226,4,44,73,28,9,304,10,18,16,3,16,37,D,-,69,23,77,11,7,121,2034
2011,Naturalization,Japan,1744,209,322,24,44,108,42,37,14,17,20,7,65,30,59,49,6,20,8,11,11,11,27,14,20,6,-,9,3,D,13,5,4,5,6,6,130,D,3,6,D,9,4,4,7,-,-,D,4,D,4,39,295
2011,Naturalization,Jordan,2345,218,118,48,340,82,49,27,73,99,21,54,18,59,31,24,24,20,17,27,69,36,D,5,8,4,6,13,29,8,15,D,4,10,12,19,-,7,-,13,14,3,20,35,9,4,6,4,7,7,24,14,587
2011,Naturalization,Kazakhstan,891,150,46,31,20,23,22,10,12,13,17,24,54,-,15,11,21,6,8,67,3,3,7,5,53,5,D,D,D,D,3,D,D,8,5,4,-,-,-,D,D,D,D,6,D,D,D,D,3,D,3,8,206
2011,Naturalization,Kenya,3621,159,78,18,59,100,138,189,100,332,204,155,120,41,24,19,219,56,30,34,14,19,22,24,19,88,12,28,39,D,13,-,9,22,16,64,3,10,D,36,16,7,80,6,4,6,3,58,24,23,11,28,838
2011,Naturalization,Kiribati,D,-,-,-,-,-,-,-,-,-,-,-,-,-,-,-,-,-,-,-,-,-,-,-,-,-,-,-,-,-,-,-,-,-,-,-,-,-,-,-,-,-,-,-,-,-,-,-,-,-,-,D,1
2011,Naturalization,"Korea, North",13,-,5,-,-,D,-,-,-,-,D,D,-,-,-,D,-,D,-,-,-,-,-,-,-,D,-,-,-,D,-,-,-,-,-,-,-,-,-,-,-,-,-,-,-,-,-,-,-,-,-,-,1
2011,Naturalization,"Korea, South",12664,2052,2671,65,548,326,644,176,141,268,513,395,436,180,203,251,59,98,48,69,77,42,118,99,93,246,12,69,36,11,44,21,11,38,25,55,176,17,27,39,28,27,48,18,39,12,3,15,44,18,20,130,1863
2011,Naturalization,Kosovo,465,177,3,6,24,D,4,5,12,19,10,5,3,D,D,-,D,10,-,3,13,6,D,D,D,-,D,D,-,-,-,14,-,D,5,-,D,3,-,9,8,3,-,-,-,-,D,3,-,-,-,3,102
2011,Naturalization,Kuwait,869,81,42,23,54,32,25,13,24,53,20,7,12,12,12,11,5,15,6,8,35,10,D,3,D,8,6,6,17,4,7,5,-,6,9,12,D,4,3,11,11,3,9,16,D,D,D,5,D,D,10,D,204
2011,Naturalization,Kyrgyzstan,440,69,7,5,10,19,21,12,3,5,D,8,20,D,3,7,12,D,D,20,4,5,D,4,26,D,-,D,D,-,D,D,-,4,D,-,D,-,-,3,D,D,D,-,D,-,D,-,4,5,7,6,125
2011,Naturalization,Laos,5452,6,45,6,11,59,18,30,11,70,48,20,87,78,115,10,926,11,4,732,24,20,15,39,33,3,27,6,18,795,3,D,286,31,5,5,8,12,-,6,34,24,28,-,D,D,7,8,D,-,D,41,1680
2011,Naturalization,Latvia,401,76,31,8,37,5,8,11,D,D,10,7,9,D,3,7,8,6,D,9,3,5,3,4,D,5,D,3,D,-,D,3,-,D,D,D,-,4,-,4,D,-,3,4,-,-,-,-,D,-,3,4,101
2011,Naturalization,Lebanon,3127,234,354,108,62,48,93,239,137,63,46,34,23,62,50,19,16,32,28,12,513,52,35,10,15,3,53,25,11,11,9,9,D,19,17,13,3,6,3,12,5,3,8,51,3,3,D,16,9,4,22,7,513
2011,Naturalization,Lesotho,11,D,-,-,-,-,D,-,D,-,-,D,-,-,-,-,-,D,-,-,-,-,-,-,-,-,-,-,-,-,-,-,-,-,-,-,-,-,-,D,-,-,-,-,-,-,-,-,-,-,-,-,5
2011,Naturalization,Liberia,3794,311,14,14,55,35,209,97,47,91,138,624,21,4,14,4,519,61,7,25,30,D,15,22,18,89,166,20,46,D,9,D,3,60,23,19,D,11,D,19,5,24,30,23,D,-,-,56,15,30,7,23,734
2011,Naturalization,Libya,180,19,12,3,6,D,12,D,10,4,6,5,7,3,D,3,D,-,4,D,3,3,5,D,4,D,D,-,3,-,-,-,-,-,3,-,-,D,-,D,D,-,4,-,-,-,-,-,-,D,D,D,42
2011,Naturalization,Liechtenstein,D,-,-,-,-,-,-,-,-,-,-,-,-,-,D,-,-,-,-,-,-,-,-,-,-,-,-,-,-,-,-,-,-,-,-,-,-,-,-,-,-,-,-,-,-,-,-,-,-,-,-,D,-
2011,Naturalization,Lithuania,973,118,44,37,396,14,8,25,5,6,17,21,11,D,3,4,10,3,D,3,4,14,6,12,5,7,3,3,-,-,D,5,-,4,4,-,D,3,-,D,3,D,D,10,5,-,18,6,D,-,4,8,113
2011,Naturalization,Luxembourg,18,D,D,-,-,-,-,-,-,-,-,-,-,D,D,-,D,-,-,-,-,D,-,-,-,-,-,D,-,-,-,D,-,-,D,-,D,-,-,-,-,-,-,-,-,-,-,-,-,-,-,D,5
2011,Naturalization,Macau,86,6,16,D,-,25,D,D,-,D,4,3,D,3,-,4,D,3,-,3,D,D,D,-,-,-,-,D,D,-,-,-,-,-,-,-,D,-,-,-,-,-,-,-,-,-,-,-,-,-,-,-,2
2011,Naturalization,Macedonia,578,172,5,14,88,D,7,D,D,5,D,8,D,4,-,D,-,8,-,D,42,12,8,3,D,-,-,D,17,-,D,11,-,D,D,D,-,-,D,4,D,D,-,4,-,D,D,D,-,-,D,12,124
2011,Naturalization,Madagascar,44,7,D,D,D,D,7,-,-,D,D,D,D,D,D,D,D,-,-,-,-,-,-,-,D,-,-,-,-,-,-,-,-,-,-,D,-,-,-,-,-,D,-,-,-,-,-,-,-,-,-,D,10
2011,Naturalization,Malawi,86,4,D,-,D,-,7,D,3,D,D,3,D,D,4,-,3,-,D,D,-,-,-,D,-,D,-,-,D,-,-,-,-,-,-,-,-,-,-,D,D,-,-,-,-,-,-,-,D,D,D,D,33
2011,Naturalization,Malaysia,1137,202,98,15,41,69,28,18,50,32,35,17,31,12,13,42,10,10,5,12,5,5,11,9,14,8,D,15,6,D,7,3,D,9,4,5,8,D,D,6,D,3,13,4,4,D,D,D,3,3,D,8,229
2011,Naturalization,Maldives,3,-,-,-,-,-,-,-,-,D,-,-,-,-,D,-,-,-,-,-,-,-,-,-,-,-,-,-,-,-,-,-,-,-,-,-,-,-,-,-,-,-,-,-,-,-,-,-,-,-,-,-,-
2011,Naturalization,Mali,274,77,D,D,5,6,24,D,11,-,23,41,D,-,-,-,3,-,D,-,-,D,-,11,D,10,4,-,D,-,-,-,-,D,D,D,D,-,-,D,-,D,-,-,-,-,-,-,3,4,9,D,21
2011,Naturalization,Malta,54,21,D,-,-,3,D,3,-,-,-,-,-,D,-,-,-,-,D,-,4,D,-,-,-,D,-,-,-,D,-,-,-,D,-,D,-,-,-,D,-,-,-,-,-,-,D,-,-,-,-,D,9
2011,Naturalization,Marshall Islands,32,-,-,-,-,-,-,-,-,-,D,-,D,-,D,-,-,-,-,-,-,-,-,-,-,-,-,-,-,-,-,-,-,-,-,-,D,-,-,-,-,-,-,-,-,-,-,-,D,-,-,7,16
2011,Naturalization,Mauritania,405,103,-,-,7,-,13,7,D,5,10,21,8,3,-,-,-,D,-,-,6,-,-,10,-,D,4,-,60,-,-,-,-,-,D,D,-,-,-,D,D,-,D,D,-,D,-,-,-,D,48,D,86
2011,Naturalization,Mauritius,64,6,7,D,3,11,7,-,D,4,D,D,D,-,-,-,-,D,D,-,-,-,-,-,-,3,-,-,D,-,-,-,-,-,-,-,-,-,-,-,-,-,-,-,-,-,-,-,-,-,-,-,11
2011,Naturalization,Mexico,94783,1216,13349,758,5614,1860,342,139,4323,4177,856,357,683,5625,4648,1160,291,3476,240,846,297,287,1617,1234,744,97,49,839,82,1078,1491,61,660,203,46,168,55,18,2186,118,172,500,340,71,844,1023,121,13,58,174,96,2260,27821
2011,Naturalization,"Micronesia, Federated States",74,-,-,-,-,-,3,-,-,D,D,-,6,D,4,-,-,-,D,-,-,-,-,-,-,-,-,-,-,-,-,-,-,-,D,-,3,-,6,-,-,-,-,-,-,-,-,-,3,-,-,10,32
2011,Naturalization,Moldova,1398,108,42,8,28,30,31,18,D,9,43,28,189,4,5,D,89,8,D,229,3,4,4,15,107,8,-,3,D,3,-,8,D,16,-,D,-,D,D,8,D,D,D,4,D,D,D,5,-,D,-,11,309
2011,Naturalization,Monaco,D,-,-,-,-,-,-,-,-,-,D,-,-,-,-,-,-,-,-,-,-,-,-,-,-,-,-,-,-,-,-,-,-,-,-,-,-,-,-,-,-,-,-,-,-,-,-,-,-,-,-,-,1
2011,Naturalization,Mongolia,242,8,29,D,26,43,27,-,3,D,D,D,9,-,5,3,D,-,D,4,D,-,D,15,-,D,-,-,D,-,-,-,D,D,-,-,-,-,-,D,-,-,D,D,-,-,-,-,D,-,D,D,46
2011,Naturalization,Montenegro,205,144,D,3,3,-,-,-,-,D,-,D,D,-,-,D,-,D,D,-,22,-,D,-,D,-,-,D,D,-,-,D,-,-,D,-,-,4,-,D,-,-,-,-,-,-,-,-,-,-,-,D,7
2011,Naturalization,Montserrat,63,21,-,5,-,-,D,12,-,-,D,-,-,-,-,-,-,-,-,-,-,D,-,D,-,-,-,-,-,-,-,D,-,-,D,-,-,-,-,-,-,D,-,-,-,-,-,-,-,-,-,6,10
2011,Naturalization,Morocco,3656,529,96,106,142,69,227,462,44,54,47,163,30,12,24,19,44,16,207,16,16,56,23,62,12,38,33,30,58,-,15,31,D,28,32,59,4,14,D,11,D,4,9,12,D,D,4,6,34,16,24,21,689
2011,Naturalization,Mozambique,49,12,3,3,D,-,3,D,-,3,D,D,D,-,D,D,-,-,-,D,-,-,-,D,-,D,D,-,-,-,-,-,-,D,D,-,-,D,-,-,-,-,-,-,-,-,-,-,D,-,-,-,8
2011,Naturalization,Namibia,29,D,-,D,-,-,D,-,D,D,D,D,D,-,-,D,-,D,-,D,D,-,-,D,-,D,-,3,-,-,-,-,-,-,-,D,-,-,-,D,-,-,-,-,-,-,-,-,-,-,-,D,4
2011,Naturalization,Nepal,2235,274,76,12,55,109,226,119,36,171,25,10,41,7,9,30,34,19,6,36,16,10,6,82,22,85,5,33,3,-,6,6,-,6,7,31,7,35,D,8,-,5,10,D,6,-,-,D,6,10,D,18,512
2011,Naturalization,Netherlands,778,66,38,25,20,35,28,27,19,9,21,11,16,7,19,14,6,10,9,6,9,7,3,19,7,10,D,D,6,-,-,4,-,5,D,3,5,4,D,5,3,3,D,D,3,-,-,D,D,-,6,21,256
2011,Naturalization,Netherlands Antilles,60,8,3,8,3,D,4,D,D,-,D,D,D,-,D,-,-,-,D,-,-,D,-,-,-,D,D,-,-,-,-,-,-,-,-,-,-,-,-,-,-,-,-,-,D,-,D,-,-,-,-,6,12
2011,Naturalization,New Caledonia,4,-,D,-,-,-,-,-,-,-,-,-,-,D,-,-,-,-,-,-,-,-,-,-,-,-,-,-,-,-,-,-,-,-,-,-,-,-,-,-,-,-,-,-,-,-,-,-,-,-,-,-,2
2011,Naturalization,New Zealand,480,26,48,11,5,23,10,15,9,16,10,7,18,8,16,7,4,5,D,9,3,4,8,9,5,7,D,3,3,3,-,D,-,-,D,D,8,D,-,D,4,4,D,3,D,-,D,-,D,-,D,22,130
2011,Naturalization,Nicaragua,5092,190,468,2356,41,285,129,29,115,50,72,43,30,140,23,40,18,28,49,22,3,40,47,14,17,6,5,13,D,6,23,12,13,30,13,12,3,D,D,3,5,13,3,D,8,6,25,5,7,17,4,30,573
2011,Naturalization,Niger,124,17,D,D,-,-,17,-,-,-,D,7,-,-,-,-,-,D,-,-,-,-,-,D,-,D,D,-,3,-,-,-,-,D,-,D,-,D,-,-,-,-,-,-,-,-,D,-,-,7,3,-,57
2011,Naturalization,Nigeria,9344,1374,361,106,557,121,754,272,882,580,648,287,49,125,33,28,192,75,33,42,106,62,36,52,17,417,78,50,46,12,47,22,15,41,27,89,3,31,7,32,68,9,39,33,4,9,4,15,44,70,34,26,1280
2011,Naturalization,Norway,90,6,D,D,6,6,D,D,3,D,-,D,6,-,D,D,D,4,D,-,-,-,D,4,4,-,D,3,D,-,-,-,-,D,-,4,D,D,-,-,-,D,D,-,-,-,-,-,D,-,-,4,15
2011,Naturalization,Oman,37,4,3,D,D,D,D,-,D,5,3,D,D,-,-,-,-,-,D,-,-,-,-,-,-,D,-,-,-,-,3,D,-,-,-,D,-,-,-,D,-,-,-,-,-,-,-,-,-,-,-,-,5
2011,Naturalization,Pakistan,10655,2070,410,188,809,248,603,141,904,455,312,269,118,146,33,100,56,73,97,161,182,53,47,46,24,219,48,126,46,12,64,34,105,35,21,45,D,70,3,60,25,21,44,26,10,16,D,19,14,25,28,35,1955
2011,Naturalization,Palau,68,-,-,-,-,D,D,-,-,-,-,-,3,D,D,-,D,-,-,-,-,-,D,D,-,-,-,-,-,-,D,-,-,-,-,-,6,-,D,-,-,-,D,D,-,-,-,-,3,-,-,12,31
2011,Naturalization,Panama,1340,195,34,160,21,10,38,22,47,19,52,14,20,19,19,8,8,7,36,5,4,32,20,5,4,13,D,13,8,D,21,D,D,D,13,5,6,D,3,5,6,D,6,D,D,D,D,D,24,3,5,15,377
2011,Naturalization,Papua New Guinea,17,3,-,-,D,-,-,-,D,D,-,D,-,-,-,-,-,-,-,D,-,-,-,-,D,-,-,-,-,-,-,-,-,-,-,-,-,D,-,D,-,-,-,D,-,-,-,-,-,-,-,D,3
2011,Naturalization,Paraguay,289,93,9,44,-,3,15,5,D,5,6,D,4,4,5,3,D,3,6,D,-,D,5,D,D,4,-,-,-,-,5,5,-,D,D,-,-,-,-,-,-,D,4,-,-,-,D,-,D,-,-,5,43
2011,Naturalization,Peru,10266,1893,697,1956,164,407,601,163,145,157,182,87,64,114,59,87,28,70,238,33,11,200,78,67,44,45,39,26,23,10,45,109,20,85,65,34,13,84,5,22,24,95,15,28,22,15,63,10,29,29,30,61,1675
2011,Naturalization,Philippines,42520,3819,6614,432,2169,3027,818,237,858,571,217,439,919,1409,1732,1134,193,488,252,846,263,308,1465,89,197,400,84,160,73,225,218,99,403,60,364,102,1222,47,44,106,55,60,68,83,275,292,37,18,335,96,84,1172,7842
2011,Naturalization,Pitcairn Island,1,-,-,-,-,-,-,-,-,-,-,-,-,-,-,-,-,-,-,-,-,-,-,-,-,-,-,-,-,-,-,-,-,-,-,-,-,-,-,-,-,-,-,-,-,-,-,-,-,-,-,-,1
2011,Naturalization,Poland,8844,2524,125,134,2853,60,63,135,34,39,42,189,70,13,44,32,27,66,28,13,125,103,33,64,35,32,34,14,12,-,13,136,D,8,20,19,9,344,D,11,8,9,8,52,3,D,14,53,14,9,11,52,1103
2011,Naturalization,Portugal,1426,516,15,50,6,26,24,106,3,4,4,35,7,8,6,24,-,3,4,D,-,4,D,D,D,3,251,-,D,D,D,30,4,D,D,4,-,32,-,3,-,D,-,-,-,D,6,16,D,D,D,8,203
2011,Naturalization,Qatar,101,8,3,4,D,D,6,D,5,8,3,D,D,D,-,D,D,D,D,-,5,3,-,-,D,D,-,D,3,-,-,-,-,-,-,-,-,-,-,D,-,D,D,-,-,-,-,-,D,-,-,D,27
2011,Naturalization,Romania,4314,462,255,195,473,96,64,76,67,67,185,66,163,60,33,57,18,175,28,90,205,26,52,36,120,17,6,28,17,7,13,34,D,27,24,12,7,16,D,11,29,7,5,113,5,-,12,6,9,13,13,41,771
2011,Naturalization,Russia,8257,1448,521,197,311,290,198,346,80,90,135,241,447,42,122,147,106,63,69,198,42,67,89,167,257,67,20,36,41,23,24,54,5,31,31,27,15,19,3,32,19,28,26,60,16,11,14,22,37,23,32,78,1790
2011,Naturalization,Rwanda,265,15,D,D,5,D,12,8,6,9,21,7,5,4,5,D,7,9,-,-,-,D,5,5,3,3,9,-,7,-,D,-,-,-,3,4,-,D,-,-,6,-,-,-,-,-,-,-,D,3,D,-,92
2011,Naturalization,Saint Kitts-Nevis,306,80,D,35,D,-,13,5,-,D,13,6,-,-,-,-,-,-,8,-,-,9,D,D,-,D,4,D,-,-,-,-,-,D,5,3,D,D,-,-,D,-,-,-,-,-,-,-,D,-,-,74,37
2011,Naturalization,Saint Lucia,600,218,9,41,3,D,11,10,22,4,20,8,-,-,D,-,-,3,15,D,D,16,D,D,-,7,D,D,D,-,D,6,-,D,6,D,D,22,-,-,-,-,-,D,-,-,-,D,7,-,-,63,87
2011,Naturalization,Saint Vincent and the Grenadines,416,233,D,23,D,D,11,13,3,4,9,10,D,-,3,-,D,4,7,D,D,4,D,D,D,3,-,-,-,-,D,-,-,D,3,D,-,-,-,-,-,-,D,-,-,3,-,-,5,-,-,12,50
2011,Naturalization,Samoa,172,-,23,-,D,D,-,-,-,D,D,D,21,D,3,-,-,3,-,D,-,D,3,D,D,-,-,-,-,-,-,-,D,-,-,-,27,-,-,-,-,24,5,-,D,-,D,-,-,-,-,6,39
2011,Naturalization,San Marino,D,D,-,-,-,-,-,-,-,-,-,-,-,-,-,-,-,-,-,-,-,-,-,-,-,-,-,-,-,-,-,-,-,-,-,-,-,-,-,-,-,-,-,-,-,-,-,-,-,-,-,-,-
2011,Naturalization,Sao Tome and Principe,9,D,-,D,D,-,-,D,-,-,-,-,-,-,-,-,-,-,-,-,-,-,-,-,-,-,D,D,-,-,-,-,-,-,-,-,-,-,-,-,-,-,-,-,-,-,-,-,-,-,-,-,1
2011,Naturalization,Saudi Arabia,814,78,43,16,56,15,42,19,43,33,14,13,9,13,12,8,10,11,7,5,52,9,8,7,6,9,-,7,10,3,3,-,D,6,5,D,-,3,-,4,3,3,9,9,-,7,D,D,D,3,3,D,187
2011,Naturalization,Senegal,752,189,8,13,13,11,58,12,12,5,34,18,13,4,5,-,5,D,D,-,12,-,5,7,4,6,39,6,26,-,-,-,D,7,3,11,D,D,D,7,3,-,7,3,-,-,-,D,6,14,29,4,142
2011,Naturalization,Serbia,85,5,-,6,57,-,3,-,-,-,-,-,-,-,D,-,-,-,-,-,-,-,-,-,D,D,-,-,-,-,-,-,-,D,-,-,-,-,-,-,-,-,-,-,-,-,-,-,-,-,-,-,9
2011,Naturalization,Serbia and Montenegro 1,2185,638,71,49,194,29,44,26,21,24,31,35,20,9,44,19,4,41,17,13,174,50,33,7,8,4,3,8,8,4,3,15,-,8,14,4,4,26,-,20,10,4,D,29,3,-,4,D,D,4,5,17,382
2011,Naturalization,Seychelles,19,D,D,-,-,D,-,D,D,D,-,D,D,-,-,D,-,-,-,-,-,-,-,-,-,-,-,-,-,-,-,-,-,-,D,-,-,-,-,-,-,-,-,-,-,-,-,-,-,-,-,D,2
2011,Naturalization,Sierra Leone,1831,269,34,4,21,14,445,62,34,37,69,166,20,13,6,14,55,20,4,10,21,11,4,11,D,39,8,3,69,D,D,-,D,21,10,16,-,D,D,9,3,D,3,5,-,-,-,4,5,10,6,7,259
2011,Naturalization,Singapore,311,26,29,D,4,26,6,5,15,12,9,5,18,5,11,14,4,3,-,3,D,3,13,5,4,3,-,5,D,-,-,D,-,D,D,D,4,-,-,D,-,D,D,D,-,-,-,D,-,-,D,4,53
2011,Naturalization,Slovakia,421,106,17,16,38,12,10,7,D,3,8,10,5,3,D,5,6,5,3,D,7,D,4,5,5,D,-,D,3,-,-,6,-,-,D,3,4,-,-,5,D,-,D,D,-,-,-,3,3,-,D,6,97
2011,Naturalization,Slovenia,57,6,3,3,6,D,-,D,D,D,D,D,D,-,-,D,D,3,D,-,D,-,D,-,-,D,D,-,-,-,-,-,-,D,-,D,-,-,-,-,D,-,-,D,-,-,-,-,-,-,-,-,13
2011,Naturalization,Solomon Islands,D,-,-,-,-,-,-,D,-,-,-,-,-,-,-,-,-,-,-,-,-,-,-,-,-,-,-,-,-,-,-,-,-,-,-,-,D,-,-,-,-,-,-,-,-,-,-,-,-,-,-,D,-
2011,Naturalization,Somalia,7971,8,69,D,145,15,120,197,27,121,138,5,876,D,253,51,2228,184,D,10,3,-,23,75,131,19,D,8,828,3,17,D,-,13,D,18,-,10,-,36,131,117,93,21,-,D,-,10,3,23,28,57,1847
2011,Naturalization,South Africa,2566,178,146,154,89,38,47,71,67,94,146,59,54,24,60,26,27,34,45,19,16,41,18,35,27,24,6,26,11,5,16,24,D,30,12,27,6,D,-,7,15,9,13,17,6,4,4,8,4,12,11,54,694
2011,Naturalization,"Soviet Union, former",2812,617,192,68,126,126,77,56,34,27,37,56,65,7,48,59,30,20,24,46,43,25,15,37,87,30,9,6,14,4,D,17,-,13,12,15,D,21,-,8,4,12,10,21,4,-,10,4,7,10,6,26,622
2011,Naturalization,Spain,1253,214,58,162,30,45,50,40,21,22,24,18,21,8,24,18,5,19,11,3,4,15,8,9,6,5,5,6,4,D,6,7,D,5,5,D,D,4,D,5,3,6,5,D,3,6,D,D,8,4,5,21,292
2011,Naturalization,Sri Lanka,1334,231,203,8,34,22,117,46,21,39,21,17,12,27,11,16,17,12,20,8,17,15,30,D,8,5,5,20,14,4,5,D,3,D,6,10,4,D,D,D,3,D,4,-,15,D,-,4,4,D,9,4,247
2011,Naturalization,Sudan,2444,108,53,21,58,13,184,37,51,120,31,65,61,8,35,8,40,92,3,10,6,8,5,55,7,19,-,12,29,D,6,5,-,7,22,15,-,11,-,7,62,55,47,5,D,-,3,-,4,3,4,13,1034
2011,Naturalization,Suriname,194,69,D,36,4,D,D,3,D,-,4,D,-,-,D,-,D,-,15,-,D,D,-,-,-,3,-,D,-,-,-,-,-,-,D,D,-,-,-,-,-,-,D,-,-,-,D,-,-,-,D,D,38
2011,Naturalization,Swaziland,15,-,-,-,-,D,3,-,D,-,-,-,D,-,-,D,-,-,-,-,-,-,-,-,-,-,-,-,-,-,-,-,-,-,-,-,-,-,-,-,-,-,-,-,-,-,-,-,-,D,-,-,7
2011,Naturalization,Sweden,872,83,82,45,29,43,16,34,11,19,15,13,30,6,44,19,17,9,12,8,3,21,5,12,15,3,D,6,-,D,3,19,-,D,4,5,5,D,D,D,-,5,D,D,6,-,6,D,-,D,3,15,188
2011,Naturalization,Switzerland,427,47,37,17,10,16,14,11,8,5,6,8,9,5,22,6,D,7,4,D,D,8,D,4,5,7,-,4,4,-,-,3,D,D,-,D,D,D,D,D,4,3,3,D,-,-,D,-,D,3,-,20,103
2011,Naturalization,Syria,1981,254,369,28,134,24,24,69,45,24,21,26,15,80,18,4,6,29,16,8,74,22,7,9,14,15,15,5,7,13,8,8,4,9,54,4,D,5,D,10,7,D,6,40,6,10,D,9,3,11,8,5,392
2011,Naturalization,Taiwan,5065,501,1299,30,107,374,125,86,158,138,89,41,176,143,86,425,21,34,32,48,17,13,36,26,50,24,9,62,13,5,21,10,6,12,7,26,36,6,6,7,7,12,17,7,19,D,D,7,4,10,14,16,644
2011,Naturalization,Tajikistan,155,45,7,D,4,D,D,-,D,-,D,4,6,D,D,4,D,8,-,7,-,3,D,19,11,D,-,-,-,-,-,-,-,-,D,-,D,-,-,-,-,-,-,-,-,-,-,-,D,-,D,-,21
2011,Naturalization,Tanzania,516,28,19,17,9,14,35,14,33,23,22,14,16,6,D,6,18,5,20,3,4,7,5,-,-,8,D,D,17,-,D,3,-,4,D,8,-,D,D,D,6,-,4,3,-,-,D,4,-,5,-,5,117
2011,Naturalization,Thailand,5299,181,552,96,116,169,147,118,66,107,78,59,164,75,89,52,350,40,32,248,32,40,125,33,54,31,24,13,14,196,21,11,152,21,13,13,54,D,6,22,18,14,24,13,8,11,D,8,17,6,14,79,1466
2011,Naturalization,Togo,1523,247,9,D,67,3,211,12,15,14,83,47,8,D,7,D,109,13,-,D,D,12,3,21,6,11,6,6,12,-,5,8,-,37,3,15,4,22,D,11,4,10,11,6,-,-,3,D,15,18,15,11,392
2011,Naturalization,Tonga,251,-,25,-,-,40,-,D,D,8,D,-,18,11,4,11,-,7,-,8,-,D,D,D,9,-,-,-,-,-,D,-,D,D,-,-,12,-,-,-,-,36,-,-,-,D,-,-,-,-,-,D,48
2011,Naturalization,Trinidad and Tobago,5014,2277,40,482,44,10,157,133,121,24,151,150,24,16,19,10,20,24,164,5,10,101,11,8,3,116,15,9,3,-,10,21,D,18,20,18,7,23,3,D,4,-,5,4,D,4,18,3,31,6,7,54,606
2011,Naturalization,Tunisia,377,52,11,22,12,12,30,5,8,9,4,21,4,D,D,3,3,4,20,D,8,14,-,3,D,7,3,-,3,D,6,-,D,3,-,-,D,D,-,-,-,D,4,D,-,-,-,-,3,D,D,D,83
2011,Naturalization,Turkey,3100,779,183,144,88,124,120,97,53,56,76,177,52,9,28,49,24,17,37,3,12,31,14,18,7,20,8,21,16,-,15,17,D,13,16,9,D,19,D,13,19,4,4,11,5,5,6,17,10,17,7,16,609
2011,Naturalization,Turkmenistan,146,21,9,4,D,6,4,5,-,3,3,4,13,-,D,4,D,D,D,4,-,-,D,4,4,D,-,-,-,3,D,D,-,-,-,-,-,D,-,-,-,8,D,D,-,-,D,-,-,D,-,-,30
2011,Naturalization,Turks and Caicos Islands,36,5,-,20,-,-,3,D,-,-,-,-,-,-,-,-,-,-,D,-,-,-,-,-,-,-,-,-,-,-,-,-,-,-,-,-,-,-,-,-,-,-,-,-,-,-,3,-,-,-,-,-,3
2011,Naturalization,Tuvalu,1,-,-,-,-,-,-,-,-,-,-,-,-,-,-,-,-,-,-,-,-,-,-,-,-,-,-,-,-,-,-,-,-,-,-,-,-,-,-,-,-,-,-,-,-,-,-,-,-,-,-,-,1
2011,Naturalization,Uganda,838,30,66,6,26,17,59,168,21,32,29,16,19,16,10,6,25,11,5,6,D,6,3,18,D,11,5,3,4,-,D,3,-,D,3,4,D,3,-,-,4,D,8,D,5,D,D,10,D,7,3,5,149
2011,Naturalization,Ukraine,8489,1409,300,129,654,170,101,143,41,61,113,342,838,20,54,81,132,36,35,565,70,83,36,86,520,59,14,14,34,29,12,43,D,57,26,21,3,33,D,32,16,12,17,156,12,4,12,12,17,16,21,71,1724
2011,Naturalization,United Arab Emirates,425,33,32,7,31,14,12,10,39,23,13,10,12,7,-,6,14,8,D,3,10,D,5,4,-,4,-,D,4,D,D,3,-,D,D,D,-,3,D,D,3,-,6,4,D,-,-,-,-,4,D,4,80
2011,Naturalization,United Kingdom,9246,876,508,327,258,350,259,369,326,223,267,225,216,93,196,156,69,156,186,68,126,193,62,94,91,78,32,92,32,13,45,102,D,73,46,99,17,36,D,33,32,28,19,36,61,5,31,37,49,29,33,164,2323
2011,Naturalization,United States,45,5,D,5,-,D,4,-,3,-,D,D,-,D,4,-,-,D,-,D,D,-,-,-,D,D,-,-,-,D,-,-,-,-,-,-,D,-,-,-,-,-,-,-,-,-,-,-,-,-,-,-,9
2011,Naturalization,Uruguay,751,158,32,205,11,7,22,8,8,9,32,3,4,4,D,D,5,5,15,-,D,4,6,D,D,7,D,D,D,-,D,9,-,7,D,D,D,-,-,D,D,10,D,D,D,-,5,19,D,D,-,3,128
2011,Naturalization,Uzbekistan,2463,554,96,29,81,41,23,24,22,13,53,108,166,D,36,13,10,26,19,83,14,10,8,51,64,66,-,14,16,-,4,D,D,15,13,3,3,7,D,26,4,24,3,28,D,-,12,-,13,3,9,8,641
2011,Naturalization,Vanuatu,D,-,-,-,-,D,-,-,-,-,-,-,-,-,-,-,-,-,-,-,-,-,-,-,-,-,-,-,-,-,-,-,-,-,-,-,-,-,-,-,-,-,-,-,-,-,-,-,-,-,-,-,-
2011,Naturalization,Venezuela,6856,512,105,2755,68,45,106,102,306,106,170,63,31,11,32,15,30,35,504,11,18,197,16,29,10,26,20,26,12,D,27,25,D,44,44,39,4,8,5,10,23,54,11,11,D,9,51,6,12,21,37,39,1011
2011,Naturalization,Vietnam,20922,309,3341,239,291,731,472,494,1243,923,673,569,838,275,537,1598,309,323,206,443,65,284,116,259,344,89,30,186,41,30,106,35,88,157,75,102,120,51,6,177,62,92,107,35,44,16,21,65,40,33,48,111,4073
2011,Naturalization,Western Sahara,D,-,-,-,-,-,-,-,-,-,-,-,-,-,-,-,-,-,-,-,-,-,-,-,-,-,-,-,-,-,-,-,-,-,-,-,-,-,-,-,-,-,-,-,-,-,-,-,D,-,-,-,-
2011,Naturalization,Yemen,1320,327,7,3,48,113,18,D,4,4,D,14,4,3,D,D,8,-,-,4,342,3,-,3,-,D,-,D,3,23,-,-,8,D,-,D,-,7,-,D,11,-,D,D,-,15,-,-,3,D,-,13,312
2011,Naturalization,Zambia,337,20,8,6,10,7,16,4,13,29,27,8,4,6,D,D,7,7,14,D,6,6,D,5,D,9,-,3,D,-,D,-,-,D,D,4,D,D,-,3,D,-,4,4,-,-,D,3,D,4,3,D,75
2011,Naturalization,Zimbabwe,715,27,21,13,15,11,25,16,21,94,25,30,10,18,9,7,9,16,17,8,5,4,D,9,3,8,-,3,11,-,D,4,D,4,D,9,-,3,-,8,5,D,5,3,D,-,D,3,D,27,6,17,174
2011,Naturalization,Unknown,337,25,16,12,29,9,9,-,15,10,4,1,3,5,2,2,-,5,6,3,12,1,1,2,1,2,-,1,3,1,1,-,2,1,5,8,-,1,-,6,1,1,4,5,-,-,1,-,1,3,7,7,103
